Boyz II Men,End of the Road,1992
Sir Mix-a-Lot,Baby Got Back,1992
Kris Kross,Jump,1992
Vanessa Williams,Save the Best for Last,1992
TLC,Baby-Baby-Baby,1992
Eric Clapton,Tears in Heaven,1992
En Vogue,My Lovin' (You're Never Gonna Get It),1992
Red Hot Chili Peppers,Under the Bridge,1992
Color Me Badd,All 4 Love,1992
Jon Secada,Just Another Day,1992
Shanice,I Love Your Smile,1992
Mr. Big,To Be with You,1992
Right Said Fred,I'm Too Sexy,1992
Michael Jackson,Black or White,1992
Billy Ray Cyrus,Achy Breaky Heart,1992
Mariah Carey,I'll Be There,1992
Guns N' Roses,November Rain,1992
Tom Cochrane,Life Is a Highway,1992
Michael Jackson,Remember the Time,1992
CeCe Peniston,Finally,1992
Madonna,This Used to Be My Playground,1992
Patty Smyth and Don Henley,Sometimes Love Just Ain't Enough,1992
Mariah Carey,Can't Let Go,1992
House of Pain,Jump Around,1992
Prince and The New Power Generation,Diamonds and Pearls,1992
George Michael and Elton John,Don't Let the Sun Go Down on Me,1992
Atlantic Starr,Masterpiece,1992
Celine Dion,If You Asked Me To,1992
En Vogue,Giving Him Something He Can Feel,1992
Joe Public,Live and Learn,1992
Jodeci,Come and Talk to Me,1992
Nirvana,Smells Like Teen Spirit,1992
Bobby Brown,Humpin' Around,1992
Sophie B. Hawkins,Damn I Wish I Was Your Lover,1992
Tevin Campbell,Tell Me What You Want Me to Do,1992
TLC,Ain't 2 Proud 2 Beg,1992
Boyz II Men,It's So Hard to Say Goodbye to Yesterday,1992
Technotronic featuring Ya Kid K,Move This,1992
Queen,Bohemian Rhapsody,1992
Arrested Development,Tennessee,1992
Luther Vandross and Janet Jackson,The Best Things in Life Are Free,1992
Mariah Carey,Make It Happen,1992
Elton John,The One,1992
P.M. Dawn,Set Adrift on Memory Bliss,1992
Shakespears Sister,Stay,1992
Hammer,2 Legit 2 Quit,1992
KWS,Please Don't Go,1992
Mint Condition,Breakin' My Heart (Pretty Brown Eyes),1992
The Cover Girls,Wishing on a Star,1992
Hi-Five,She's Playing Hard to Get,1992
P.M. Dawn,I'd Die Without You,1992
Amy Grant,Good for Me,1992
Toad the Wet Sprocket,All I Want,1992
Michael Bolton,When a Man Loves a Woman,1992
Genesis,I Can't Dance,1992
Richard Marx,Hazard,1992
U2,Mysterious Ways,1992
George Michael,Too Funky,1992
The Heights,How Do You Talk to an Angel,1992
U2,One,1992
CeCe Peniston,Keep on Walkin',1992
Genesis,Hold on My Heart,1992
Karyn White,The Way I Feel About You,1992
Celine Dion and Peabo Bryson,Beauty and the Beast,1992
Kris Kross,Warm It Up,1992
Michael Jackson,In the Closet,1992
Arrested Development,People Everyday,1992
Genesis,No Son of Mine,1992
Marky Mark and the Funky Bunch,Wildside,1992
Bryan Adams,Do I Have to Say the Words?,1992
The Cure,Friday I'm in Love,1992
Ugly Kid Joe,Everything About You,1992
Paula Abdul,Blowing Kisses in the Wind,1992
Bryan Adams,Thought I'd Died and Gone to Heaven,1992
Snap!,Rhythm Is a Dancer,1992
Hammer,Addams Groove,1992
Michael Bolton,Missing You Now,1992
N2Deep,Back to the Hotel,1992
Kathy Troccoli,Everything Changes,1992
Def Leppard,Have You Ever Needed Someone So Bad,1992
Richard Marx,Take This Heart,1992
FireHouse,When I Look Into Your Eyes,1992
Jade,I Wanna Love You,1992
Boyz II Men,Uhh Ahh,1992
Mary J. Blige,Real Love,1992
The KLF,Justified and Ancient,1992
Color Me Badd,Slow Motion,1992
TLC,What About Your Friends,1992
Color Me Badd,Thinkin' Back,1992
Charles & Eddie,Would I Lie to You?,1992
Amy Grant,That's What Love Is For,1992
Richard Marx,Keep Coming Back,1992
En Vogue,Free Your Mind,1992
Keith Sweat,Keep It Comin',1992
Mr. Big,Just Take My Heart,1992
Amy Grant,I Will Remember You,1992
CeCe Peniston,We Got a Love Thang,1992
Def Leppard,Let's Get Rocked,1992
Das EFX,They Want EFX,1992
Bonnie Raitt,I Can't Make You Love Me,1992
Whitney Houston,I Will Always Love You,1993
Tag Team,Whoomp! (There It Is),1993
UB40,Can't Help Falling in Love,1993
Janet Jackson,That's the Way Love Goes,1993
Silk,Freak Me,1993
SWV,Weak,1993
Shai,If I Ever Fall in Love,1993
Mariah Carey,Dreamlover,1993
Wreckx-n-Effect,Rump Shaker,1993
Snow,Informer,1993
Dr. Dre,Nuthin' but a 'G' Thang,1993
Boyz II Men,In the Still of the Nite,1993
Jade,Don't Walk Away,1993
H-Town,Knockin' da Boots,1993
Jodeci,Lately,1993
Duice,Dazzey Duks,1993
Robin S.,Show Me Love,1993
Peabo Bryson and Regina Belle,A Whole New World,1993
Janet Jackson,If,1993
SWV,I'm So Into You,1993
Vanessa Williams and Brian McKnight,Love Is,1993
Soul Asylum,Runaway Train,1993
Exposé,I'll Never Get Over You (Getting Over Me),1993
Paperboy,Ditty,1993
Snap!,Rhythm Is a Dancer,1993
Billy Joel,The River of Dreams,1993
The Proclaimers,I'm Gonna Be (500 Miles),1993
Spin Doctors,Two Princes,1993
SWV,Right Here (Human Nature) / Downtown,1993
Whitney Houston,I Have Nothing,1993
Arrested Development,Mr. Wendal,1993
Rod Stewart,Have I Told You Lately,1993
Shanice,Saving Forever for You,1993
Duran Duran,Ordinary World,1993
Tony! Toni! Toné!,If I Had No Loot,1993
Meat Loaf,I'd Do Anything for Love (But I Won't Do That),1993
Onyx,Slam,1993
P.M. Dawn,Looking Through Patient Eyes,1993
Whitney Houston,I'm Every Woman,1993
Shai,Baby I'm Yours,1993
Duran Duran,Come Undone,1993
Tina Turner,I Don't Wanna Fight,1993
P.M. Dawn,I'd Die Without You,1993
95 South,"Whoot, There It Is",1993
Naughty by Nature,Hip Hop Hooray,1993
Toni Braxton,Another Sad Love Song,1993
Michael Jackson,Will You Be There,1993
Shai,Comforter,1993
Bobby Brown,Good Enough,1993
4 Non Blondes,What's Up?,1993
Ace of Base,All That She Wants,1993
Prince and The New Power Generation,7,1993
Dr. Dre,Dre Day,1993
Brian McKnight,One Last Cry,1993
Xscape,Just Kickin' It,1993
2Pac,I Get Around,1993
Bon Jovi,Bed of Roses,1993
Mary J. Blige,Real Love,1993
Portrait,Here We Go Again!,1993
Aerosmith,Cryin',1993
Ugly Kid Joe,Cat's in the Cradle,1993
TLC,What About Your Friends,1993
Positive K,I Got a Man,1993
Zhané,Hey Mr. D.J.,1993
Cypress Hill,Insane in the Brain,1993
Madonna,Deeper and Deeper,1993
Madonna,Rain,1993
Jeremy Jordan,The Right Kind of Love,1993
Inner Circle,Bad Boys,1993
Boy Krazy,That's What Love Can Do,1993
Jon Secada,Do You Believe in Us,1993
Jon Secada,Angel,1993
Kenny G,Forever in Love,1993
Janet Jackson,Again,1993
DJ Jazzy Jeff & The Fresh Prince,Boom! Shake the Room,1993
Restless Heart,When She Cries,1993
Inner Circle,Sweat (A La La La La Long),1993
Ice Cube,It Was a Good Day,1993
Captain Hollywood Project,More and More,1993
The Heights,How Do You Talk to an Angel,1993
Digable Planets,Rebirth of Slick (Cool Like Dat),1993
Haddaway,What Is Love,1993
Michael Bolton,To Love Somebody,1993
En Vogue,"Give It Up, Turn It Loose",1993
Kris Kross featuring Super Cat,Alright,1993
Ice Cube featuring Das EFX,Check Yo Self,1993
Sting,Fields of Gold,1993
Dino,Ooh Child,1993
Go West,Faithful,1993
Rod Stewart,Reason to Believe,1993
Tears for Fears,Break It Down Again,1993
Joey Lawrence,Nothin' My Love Can't Fix,1993
Green Jellÿ,Three Little Pigs,1993
Aerosmith,Livin' on the Edge,1993
Gin Blossoms,Hey Jealousy,1993
Sting,If I Ever Lose My Faith in You,1993
Tony! Toni! Toné!,Anniversary,1993
Jade,One Woman,1993
Taylor Dayne,Can't Get Enough of Your Love,1993
Def Leppard,Two Steps Behind,1993
Ace of Base,The Sign,1994
All-4-One,I Swear,1994
Boyz II Men,I'll Make Love to You,1994
Céline Dion,The Power of Love,1994
Mariah Carey,Hero,1994
Lisa Loeb and Nine Stories,Stay (I Missed You),1994
Toni Braxton,Breathe Again,1994
"Bryan Adams, Rod Stewart and Sting",All for Love,1994
Ace of Base,All That She Wants,1994
Ace of Base,Don't Turn Around,1994
R. Kelly,Bump n' Grind,1994
Janet Jackson,Again,1994
Madonna,I'll Remember,1994
Salt-n-Pepa featuring En Vogue,Whatta Man,1994
John Mellencamp with Meshell Ndegeocello,Wild Night,1994
Mariah Carey,Without You / Never Forget You,1994
Toni Braxton,You Mean the World to Me,1994
Elton John,Can You Feel the Love Tonight,1994
Prince,The Most Beautiful Girl in the World,1994
Coolio,Fantastic Voyage,1994
Big Mountain,"Baby, I Love Your Way",1994
Warren G and Nate Dogg,Regulate,1994
Jon Secada,If You Go,1994
Aaliyah,Back & Forth,1994
Richard Marx,Now and Forever,1994
Babyface,When Can I See You,1994
Bryan Adams,Please Forgive Me,1994
All-4-One,So Much in Love,1994
Salt-n-Pepa,Shoop,1994
Janet Jackson,"Any Time, Any Place / And On and On",1994
Collective Soul,Shine,1994
Michael Bolton,Said I Loved You...But I Lied,1994
Enigma,Return to Innocence,1994
Sheryl Crow,All I Wanna Do,1994
Crash Test Dummies,Mmm Mmm Mmm Mmm,1994
Tevin Campbell,Can We Talk,1994
Da Brat,Funkdafied,1994
Meat Loaf,I'd Do Anything for Love (But I Won't Do That),1994
DRS,Gangsta Lean,1994
"10,000 Maniacs",Because the Night,1994
Us3,Cantaloop (Flip Fantasia),1994
Tag Team,Whoomp! (There It Is),1994
Melissa Etheridge,Come to My Window,1994
Changing Faces,Stroke You Up,1994
Tevin Campbell,I'm Ready,1994
Crystal Waters,100% Pure Love,1994
Mariah Carey,Anytime You Need a Friend,1994
Janet Jackson,Because of Love,1994
The Cranberries,Linger,1994
Beck,Loser,1994
Gin Blossoms,Found Out About You,1994
Snoop Doggy Dogg,Gin and Juice,1994
Immature,Never Lie,1994
Bruce Springsteen,Streets of Philadelphia,1994
Domino,Getto Jam,1994
Luther Vandross and Mariah Carey,Endless Love,1994
Aaron Hall,I Miss You,1994
Xscape,Understanding,1994
Warren G,This D.J.,1994
Jodeci,Cry for You,1994
2Pac,Keep Ya Head Up,1994
Snoop Doggy Dogg,What's My Name?,1994
Real McCoy,Another Night,1994
R. Kelly,Your Body's Callin',1994
69 Boyz,Tootsee Roll,1994
Jimmy Cliff,I Can See Clearly Now,1994
Babyface,Never Keeping Secrets,1994
Aerosmith,Crazy,1994
Xscape,Just Kickin' It,1994
Aaliyah,(At Your Best) You Are Love,1994
Meat Loaf,Rock and Roll Dreams Come Through,1994
Aerosmith,Amazing,1994
Erasure,Always,1994
Zhané,Groove Thang,1994
Gabrielle,Dreams,1994
Culture Beat,Mr. Vain,1994
Tom Petty and the Heartbreakers,Mary Jane's Last Dance,1994
SWV,Anything,1994
Joshua Kadison,Beautiful in My Eyes,1994
Eternal,Stay,1994
Craig Mack,Flava in Ya Ear,1994
Queen Latifah,U.N.I.T.Y.,1994
Seal,Prayer for the Dying,1994
Madonna,Secret,1994
Ini Kamoze,Here Comes the Hotstepper,1994
Phil Collins,Everyday,1994
Tim McGraw,Don't Take the Girl,1994
Heavy D & the Boyz,Got Me Waiting,1994
The Four Seasons,"December, 1963 (Oh, What a Night)",1994
Tim McGraw,Indian Outlaw,1994
Bon Jovi,Always,1994
Melissa Etheridge,I'm the Only One,1994
Ahmad,Back in the Day,1994
Bonnie Raitt,Love Sneakin' Up On You,1994
General Public,I'll Take You There,1994
Tevin Campbell,Always in My Heart,1994
Haddaway,What Is Love,1994
Babyface,And Our Feelings,1994
Ice Cube featuring George Clinton,Bop Gun (One Nation),1994
Brandy,I Wanna Be Down,1994
Coolio featuring L.V.,Gangsta's Paradise,1995
TLC,Waterfalls,1995
TLC,Creep,1995
Seal,Kiss from a Rose,1995
Boyz II Men,On Bended Knee,1995
Real McCoy,Another Night,1995
Mariah Carey,Fantasy,1995
Madonna,Take a Bow,1995
Monica,Don't Take It Personal (Just One of Dem Days),1995
Montell Jordan,This Is How We Do It,1995
Dionne Farris,I Know,1995
Boyz II Men,Water Runs Dry,1995
Adina Howard,Freak Like Me,1995
Blues Traveler,Run-Around,1995
All-4-One,I Can Love You Like That,1995
Bryan Adams,Have You Ever Really Loved a Woman?,1995
Bon Jovi,Always,1995
Shaggy,Boombastic / In the Summertime,1995
Nicki French,Total Eclipse of the Heart,1995
Des'ree,You Gotta Be,1995
Michael Jackson,You Are Not Alone,1995
Hootie & the Blowfish,Hold My Hand,1995
The Notorious B.I.G.,One More Chance/Stay with Me,1995
Ini Kamoze,Here Comes the Hotstepper,1995
Soul for Real,Candy Rain,1995
Hootie & the Blowfish,Let Her Cry,1995
Blessid Union of Souls,I Believe,1995
TLC,Red Light Special,1995
Janet Jackson,Runaway,1995
Sheryl Crow,Strong Enough,1995
Vanessa Williams,Colors of the Wind,1995
Jon B. featuring Babyface,Someone to Love,1995
Hootie & the Blowfish,Only Wanna Be with You,1995
Brownstone,If You Love Me,1995
Martin Page,In the House of Stone and Light,1995
Luniz,I Got 5 on It,1995
Brandy,Baby,1995
Real McCoy,Run Away,1995
Sophie B. Hawkins,As I Lay Me Down,1995
MoKenStef,He's Mine,1995
Collective Soul,December,1995
Method Man featuring Mary J. Blige,I'll Be There for You/You're All I Need to Get By,1995
Diana King,Shy Guy,1995
Melissa Etheridge,I'm the Only One,1995
Soul for Real,Every Little Thing I Do,1995
Blackstreet,Before I Let You Go,1995
The Notorious B.I.G.,Big Poppa / Warning,1995
4 P.M.,Sukiyaki,1995
Brandy,I Wanna Be Down,1995
Boyz II Men,I'll Make Love to You,1995
2Pac,Dear Mama / Old School,1995
Jamie Walters,Hold On,1995
Dr. Dre,Keep Their Heads Ringin',1995
Corona,The Rhythm of the Night,1995
Del Amitri,Roll to Me,1995
Michael Jackson and Janet Jackson,Scream / Childhood,1995
Jodeci,Freek'n You,1995
Skee-Lo,I Wish,1995
Elton John,Believe,1995
Natalie Merchant,Carnival,1995
Tom Petty,You Don't Know How It Feels,1995
Take That,Back for Good,1995
69 Boyz,Tootsee Roll,1995
Janet Jackson,You Want This / 70's Love Groove,1995
Groove Theory,Tell Me,1995
Total featuring The Notorious B.I.G.,Can't You See,1995
Sheryl Crow,All I Wanna Do,1995
Subway featuring 702,This Lil' Game We Play,1995
Real McCoy,Come and Get Your Love,1995
Bon Jovi,This Ain't a Love Song,1995
Madonna,Secret,1995
Junior M.A.F.I.A. featuring The Notorious B.I.G.,Player's Anthem,1995
Naughty by Nature,Feel Me Flow,1995
Jade,Every Day of the Week,1995
Vanessa Williams,The Sweetest Days,1995
20 Fingers featuring Gillette,Short Dick Man,1995
Brandy,Brokenhearted,1995
Annie Lennox,No More I Love You's,1995
Faith Evans,You Used to Love Me,1995
Immature,Constantly,1995
U2,"Hold Me, Thrill Me, Kiss Me, Kill Me",1995
Crystal Waters,100% Pure Love,1995
Raphael Saadiq,Ask of You,1995
AZ,Sugar Hill,1995
Better Than Ezra,Good,1995
D'Angelo,Brown Sugar,1995
Gloria Estefan,Turn the Beat Around,1995
After 7,Til You Do Me Right,1995
Bone Thugs-n-Harmony,1st of tha Month,1995
Melissa Etheridge,Like the Way I Do / If I Wanted To,1995
FireHouse,I Live My Life for You,1995
Stevie B,Dream About You / Funky Melody,1995
Rednex,Cotton Eye Joe,1995
Boyz II Men,Thank You,1995
The Pretenders,I'll Stand by You,1995
N II U,I Miss You,1995
Da Brat,Give It 2 You,1995
Brandy,Best Friend,1995
Soul Asylum,Misery,1995
Van Halen,Can't Stop Lovin' You,1995
Los del Río,Macarena (Bayside Boys Mix),1996
Mariah Carey and Boyz II Men,One Sweet Day,1996
Céline Dion,Because You Loved Me,1996
The Tony Rich Project,Nobody Knows,1996
Mariah Carey,Always Be My Baby,1996
Tracy Chapman,Give Me One Reason,1996
Bone Thugs-n-Harmony,Tha Crossroads,1996
Donna Lewis,I Love You Always Forever,1996
Toni Braxton,You're Makin' Me High / Let It Flow,1996
Keith Sweat,Twisted,1996
Quad City DJ's,C'mon N' Ride It (The Train),1996
Everything but the Girl,Missing,1996
Alanis Morissette,Ironic,1996
Whitney Houston,Exhale (Shoop Shoop),1996
Gin Blossoms,Follow You Down / Til I Hear It from You,1996
Brandy,Sittin' Up in My Room,1996
2Pac featuring K-Ci and JoJo / featuring Dr. Dre and Roger Troutman,How Do U Want It / California Love,1996
Céline Dion,It's All Coming Back to Me Now,1996
Eric Clapton,Change the World,1996
LL Cool J,Hey Lover,1996
LL Cool J,Loungin,1996
Jann Arden,Insensitive,1996
La Bouche,Be My Lover,1996
Goo Goo Dolls,Name,1996
Jewel,Who Will Save Your Soul,1996
No Mercy,Where Do You Go,1996
R. Kelly,I Can't Sleep Baby (If I),1996
Dishwalla,Counting Blue Cars,1996
Alanis Morissette,You Learn / You Oughta Know,1996
Joan Osborne,One of Us,1996
Natalie Merchant,Wonder,1996
Mary J. Blige,Not Gon' Cry,1996
Coolio featuring L.V.,Gangsta's Paradise,1996
112 featuring The Notorious B.I.G.,Only You,1996
R. Kelly featuring Ronald Isley,Down Low (Nobody Has to Know),1996
SWV,You're the One,1996
La Bouche,Sweet Dreams,1996
Monica,Before You Walk Out of My Life / Like This and Like That,1996
Deep Blue Something,Breakfast at Tiffany's,1996
Coolio,"1, 2, 3, 4 (Sumpin' New)",1996
Collective Soul,The World I Know,1996
Blackstreet featuring Dr. Dre,No Diggity,1996
3T,Anything,1996
The Smashing Pumpkins,1979,1996
TLC,Diggin' on You,1996
Monica,Why I Love You So Much / Ain't Nobody,1996
Total,Kissin' You,1996
Whitney Houston and CeCe Winans,Count on Me,1996
Mariah Carey,Fantasy,1996
Hootie & the Blowfish,Time,1996
Madonna,You'll See,1996
Az Yet,Last Night,1996
Merril Bainbridge,Mouth,1996
Color Me Badd,"The Earth, the Sun, the Rain",1996
Joe,All the Things (Your Man Won't Do),1996
Oasis,Wonderwall,1996
Busta Rhymes,Woo Hah!! Got You All in Check / Everything Remains Raw,1996
Groove Theory,Tell Me,1996
Outkast,Elevators (Me & You),1996
Blues Traveler,Hook,1996
LL Cool J,Doin' It,1996
George Michael,Fastlove,1996
Case featuring Foxy Brown,"Touch Me, Tease Me",1996
Kris Kross,Tonite's tha Night,1996
Robert Miles,Children,1996
Adam Clayton and Larry Mullen,Theme from Mission: Impossible,1996
BoDeans,Closer to Free,1996
No Doubt,Just a Girl,1996
Aaliyah,If Your Girl Only Knew,1996
D'Angelo,Lady,1996
John Mellencamp,Key West Intermezzo (I Saw You First),1996
Ginuwine,Pony,1996
Keith Sweat featuring Athena Cage,Nobody,1996
Hootie & the Blowfish,Old Man & Me (When I Get to Heaven),1996
Sheryl Crow,If It Makes You Happy,1996
Sophie B. Hawkins,As I Lay Me Down,1996
MC Lyte featuring Xscape,"Keep On, Keepin' On",1996
Natalie Merchant,Jealousy,1996
Melissa Etheridge,I Want to Come Over,1996
Deborah Cox,Who Do U Love,1996
Toni Braxton,Un-Break My Heart,1996
Amber,This Is Your Night,1996
R. Kelly,You Remind Me of Something,1996
Janet Jackson,Runaway,1996
Planet Soul,Set U Free,1996
New Edition,Hit Me Off,1996
Total,No One Else,1996
Ghost Town DJ's,My Boo,1996
Junior M.A.F.I.A. featuring The Notorious B.I.G.,Get Money,1996
Maxi Priest featuring Shaggy,That Girl,1996
Do or Die featuring Twista,Po Pimp,1996
Metallica,Until It Sleeps,1996
Crucial Conflict,Hay,1996
Ace of Base,Beautiful Life,1996
Take That,Back for Good,1996
Pearl Jam,I Got Id / Long Road,1996
Faith Evans,Soon as I Get Home,1996
Los del Río,Macarena,1996
Hootie & the Blowfish,Only Wanna Be with You,1996
Seal,Don't Cry,1996
Elton John,Candle in the Wind 1997 / Something About the Way You Look Tonight,1997
Jewel,You Were Meant for Me / Foolish Games,1997
Puff Daddy and Faith Evans featuring 112,I'll Be Missing You,1997
Toni Braxton,Un-Break My Heart,1997
Puff Daddy featuring Mase,Can't Nobody Hold Me Down,1997
R. Kelly,I Believe I Can Fly,1997
En Vogue,Don't Let Go (Love),1997
Mark Morrison,Return of the Mack,1997
LeAnn Rimes,How Do I Live,1997
Spice Girls,Wannabe,1997
Backstreet Boys,Quit Playing Games (With My Heart),1997
Hanson,MMMBop,1997
Monica,For You I Will,1997
Usher,You Make Me Wanna...,1997
Meredith Brooks,Bitch,1997
Keith Sweat featuring Athena Cage,Nobody,1997
Third Eye Blind,Semi-Charmed Life,1997
Duncan Sheik,Barely Breathing,1997
Az Yet featuring Peter Cetera,Hard to Say I'm Sorry,1997
The Notorious B.I.G. featuring Puff Daddy and Mase,Mo Money Mo Problems,1997
The Verve Pipe,The Freshmen,1997
Savage Garden,I Want You,1997
Blackstreet featuring Dr. Dre,No Diggity,1997
Rome,I Belong to You (Every Time I See Your Face),1997
The Notorious B.I.G.,Hypnotize,1997
Babyface,Every Time I Close My Eyes,1997
Dru Hill,In My Bed,1997
Spice Girls,Say You'll Be There,1997
Robyn,Do You Know (What It Takes),1997
Boyz II Men,4 Seasons of Loneliness,1997
Changing Faces,G.H.E.T.T.O.U.T.,1997
Mariah Carey,Honey,1997
Whitney Houston,I Believe in You and Me,1997
Freak Nasty,Da' Dip,1997
Spice Girls,2 Become 1,1997
Sister Hazel,All for You,1997
112,Cupid,1997
Paula Cole,Where Have All the Cowboys Gone?,1997
Shawn Colvin,Sunny Came Home,1997
Tim McGraw with Faith Hill,It's Your Love,1997
Gina G,Ooh Aah... Just a Little Bit,1997
Merril Bainbridge,Mouth,1997
Allure featuring 112,All Cried Out,1997
New Edition,I'm Still in Love with You,1997
98 Degrees,Invisible Man,1997
"Lil' Kim featuring Da Brat, Left Eye, Missy Elliott and Angie Martinez",Not Tonight,1997
Bone Thugs-n-Harmony,Look into My Eyes,1997
702,Get It Together,1997
Céline Dion,All by Myself,1997
Céline Dion,It's All Coming Back to Me Now,1997
Somethin' for the People featuring Trina & Tamara,My Love Is the Shhh!,1997
No Mercy,Where Do You Go,1997
Barbra Streisand and Bryan Adams,I Finally Found Someone,1997
Foxy Brown featuring Jay-Z,I'll Be,1997
Sheryl Crow,If It Makes You Happy,1997
Dru Hill,Never Make a Promise,1997
Journey,When You Love a Woman,1997
Magoo and Timbaland,Up Jumps da Boogie,1997
Toni Braxton,I Don't Want To / I Love Me Some Him,1997
Sheryl Crow,Everyday Is a Winding Road,1997
MC Lyte,Cold Rock a Party,1997
Ginuwine,Pony,1997
Sarah McLachlan,Building a Mystery,1997
Donna Lewis,I Love You Always Forever,1997
White Town,Your Woman,1997
Coolio featuring 40 Thevz,C U When U Get There,1997
Eric Clapton,Change the World,1997
B-Rock and the Bizz,My Baby Daddy,1997
Chumbawamba,Tubthumping,1997
R. Kelly,Gotham City,1997
Az Yet,Last Night,1997
Various Artists,ESPN Presents The Jock Jam,1997
Heavy D,Big Daddy,1997
Total,What About Us,1997
Scarface featuring 2Pac and Johnny P.,Smile,1997
Montell Jordan,What's on Tonight,1997
Bruce Springsteen,Secret Garden,1997
Aaliyah,The One I Gave My Heart To,1997
Seal,Fly Like an Eagle,1997
Lil' Kim featuring Puff Daddy,No Time,1997
Luscious Jackson,Naked Eye,1997
Los del Río,Macarena (Bayside Boys Mix),1997
Erykah Badu,On & On,1997
Joe,Don't Wanna Be a Player,1997
Warren G,I Shot the Sheriff,1997
Brian McKnight featuring Mase,You Should Be Mine (Don't Waste Your Time),1997
Madonna,Don't Cry for Me Argentina,1997
SWV featuring Puff Daddy,Someone,1997
Michael Bolton,Go the Distance,1997
Real McCoy,One More Time,1997
Next,Butta Love,1997
Mr. President,Coco Jamboo,1997
Keith Sweat,Twisted,1997
Aqua,Barbie Girl,1997
The Cranberries,When You're Gone / Free to Decide,1997
DJ Kool,Let Me Clear My Throat,1997
The Blackout All-Stars,I Like It,1997
Toni Braxton,You're Makin' Me High / Let It Flow,1997
Madonna,You Must Love Me,1997
Ray J,Let It Go,1997
Next,Too Close,1998
Brandy and Monica,The Boy Is Mine,1998
Shania Twain,You're Still the One,1998
Savage Garden,Truly Madly Deeply,1998
LeAnn Rimes,How Do I Live,1998
Janet,Together Again,1998
K-Ci & JoJo,All My Life,1998
Elton John,Candle in the Wind 1997 / Something About the Way You Look Tonight,1998
Usher,Nice & Slow,1998
Paula Cole,I Don't Want to Wait,1998
Third Eye Blind,How's It Going to Be,1998
Destiny's Child,"No, No, No",1998
Céline Dion,My Heart Will Go On,1998
Will Smith,Gettin' Jiggy wit It,1998
Usher,You Make Me Wanna...,1998
Usher,My Way,1998
Mariah Carey,My All,1998
Monica,The First Night,1998
Puff Daddy & the Family featuring The Notorious B.I.G. and Mase,Been Around the World,1998
Sarah McLachlan,Adia,1998
Jennifer Paige,Crush,1998
Backstreet Boys,Everybody (Backstreet's Back),1998
Aerosmith,I Don't Want to Miss a Thing,1998
Public Announcement,Body Bumpin' (Yippie-Yi-Yo),1998
Faith Hill,This Kiss,1998
Uncle Sam,I Don't Ever Want to See You Again,1998
Montell Jordan featuring Master P and Silkk the Shocker,Let's Ride,1998
Marcy Playground,Sex and Candy,1998
Robyn,Show Me Love,1998
Boyz II Men,A Song for Mama,1998
Mase featuring Total,What You Want,1998
Madonna,Frozen,1998
Wyclef Jean,Gone till November,1998
LSG,My Body,1998
Chumbawamba,Tubthumping,1998
Lord Tariq and Peter Gunz,Deja Vu (Uptown Baby),1998
N Sync,I Want You Back,1998
Five,When the Lights Go Out,1998
Jon B.,They Don't Know,1998
"Master P featuring Fiend, Silkk the Shocker, Mia X and Mystikal",Make 'Em Say Uhh!,1998
Nicole featuring Missy Elliott and Mocha,Make It Hot,1998
All Saints,Never Ever,1998
Janet featuring Blackstreet,I Get Lonely,1998
Mase,Feel So Good,1998
Voices of Theory,Say It,1998
Billie Myers,Kiss the Rain,1998
Puff Daddy featuring Jimmy Page,Come with Me,1998
Sylk-E. Fyne featuring Chill,Romeo and Juliet,1998
Mýa and Sisqo,It's All About Me,1998
Hanson,I Will Come to You,1998
Barenaked Ladies,One Week,1998
K. P. & Envyi,Swing My Way,1998
Xscape,The Arms of the One Who Loves You,1998
Somethin' for the People featuring Trina & Tamara,My Love Is the Shhh!,1998
Tatyana Ali,Daydreamin',1998
Dru Hill,We're Not Making Love No More,1998
Third Eye Blind,Semi-Charmed Life,1998
Lisa Loeb,I Do,1998
Mase featuring Puff Daddy,Lookin' at Me,1998
LeAnn Rimes,Looking Through Your Eyes,1998
Divine,Lately,1998
Backstreet Boys,Quit Playing Games (With My Heart),1998
Next,I Still Love You,1998
INOJ,Time After Time,1998
Jimmy Ray,Are You Jimmy Ray?,1998
Ace of Base,Cruel Summer,1998
Master P featuring Sons of Funk,I Got the Hook Up,1998
Puff Daddy & the Family featuring The Notorious B.I.G. and Busta Rhymes,Victory,1998
Spice Girls,Too Much,1998
Pras Michel featuring Ol' Dirty Bastard and Mýa,Ghetto Supastar (That Is What You Are),1998
Dru Hill featuring Redman,How Deep Is Your Love,1998
Kelly Price,Friend of Mine,1998
Busta Rhymes,Turn It Up (Remix)/Fire It Up,1998
Edwin McCain,I'll Be,1998
Madonna,Ray of Light,1998
Sister Hazel,All for You,1998
Monifah,Touch It,1998
The Lox featuring DMX and Lil' Kim,"Money, Power & Respect",1998
The Verve,Bitter Sweet Symphony,1998
Busta Rhymes,Dangerous,1998
Spice Girls,Spice Up Your Life,1998
98 Degrees,Because of You,1998
Loreena McKennitt,The Mummers' Dance,1998
Allure featuring 112,All Cried Out,1998
Big Punisher featuring Joe,Still Not a Player,1998
Aaliyah,The One I Gave My Heart To,1998
Jewel,Foolish Games / You Were Meant for Me,1998
INOJ,Love You Down,1998
2Pac featuring Eric Williams,Do for Love,1998
Luke featuring No Good But So Good,Raise the Roof,1998
Nu Flavor,Heaven,1998
JD featuring Da Brat,The Party Continues,1998
Missy Elliott featuring Da Brat,Sock It 2 Me,1998
Next,Butta Love,1998
Aretha Franklin,A Rose Is Still a Rose,1998
Boyz II Men,4 Seasons of Loneliness,1998
LL Cool J,Father,1998
Gerald Levert,Thinkin' Bout It,1998
Deborah Cox,Nobody's Supposed to Be Here,1998
TQ,Westside,1998
Cher,Believe,1999
TLC,No Scrubs,1999
Monica,Angel of Mine,1999
Whitney Houston featuring Faith Evans and Kelly Price,Heartbreak Hotel,1999
Britney Spears,...Baby One More Time,1999
Sixpence None the Richer,Kiss Me,1999
Christina Aguilera,Genie in a Bottle,1999
Sugar Ray,Every Morning,1999
Deborah Cox,Nobody's Supposed to Be Here,1999
Ricky Martin,Livin' la Vida Loca,1999
702,Where My Girls At?,1999
Jennifer Lopez,If You Had My Love,1999
Goo Goo Dolls,Slide,1999
Brandy,Have You Ever?,1999
Backstreet Boys,I Want It That Way,1999
R. Kelly and Celine Dion,I'm Your Angel,1999
Smash Mouth,All Star,1999
Sarah McLachlan,Angel,1999
Santana featuring Rob Thomas,Smooth,1999
TLC,Unpretty,1999
Destiny's Child,"Bills, Bills, Bills",1999
Eagle-Eye Cherry,Save Tonight,1999
Pearl Jam,Last Kiss,1999
Maxwell,Fortunate,1999
Backstreet Boys,All I Have to Give,1999
Enrique Iglesias,Bailamos,1999
Busta Rhymes featuring Janet,What's It Gonna Be?!,1999
Everlast,What It's Like,1999
Lenny Kravitz,Fly Away,1999
Sugar Ray,Someday,1999
Divine,Lately,1999
Shania Twain,That Don't Impress Me Much,1999
Will Smith featuring Dru Hill and Kool Moe Dee,Wild Wild West,1999
Red Hot Chili Peppers,Scar Tissue,1999
Mariah Carey featuring Jay-Z,Heartbreaker,1999
Mariah Carey,I Still Believe,1999
98 Degrees,The Hardest Thing,1999
LFO,Summer Girls,1999
Jay-Z featuring Amil and Ja Rule,Can I Get A...,1999
Third Eye Blind,Jumper,1999
Lauryn Hill,Doo Wop (That Thing),1999
Lou Bega,Mambo No. 5,1999
Tyrese,Sweet Lady,1999
Whitney Houston,It's Not Right but It's Okay,1999
N Sync,(God Must Have Spent) A Little More Time on You,1999
Shawn Mullins,Lullaby,1999
112 featuring Lil Zane,Anywhere,1999
K-Ci & JoJo,Tell Me It's Real,1999
Matchbox 20,Back 2 Good,1999
Blaque,808,1999
Tal Bachman,She's So High,1999
Ricky Martin,She's All I Ever Had,1999
Will Smith,Miami,1999
Jewel,Hands,1999
JT Money featuring Solé,Who Dat,1999
Tim McGraw,Please Remember Me,1999
Shania Twain,From This Moment On,1999
Faith Evans,Love Like This,1999
Jesse Powell,You,1999
Total featuring Missy Elliott,Trippin',1999
Silk,If You,1999
Lauryn Hill,Ex-Factor,1999
Jordan Knight,Give It to You,1999
Goo Goo Dolls,Black Balloon,1999
Eric Benét featuring Tamia,Spend My Life with You,1999
Dru Hill,These Are the Times,1999
Mark Chesnutt,I Don't Want to Miss a Thing,1999
98 Degrees,I Do (Cherish You),1999
98 Degrees,Because of You,1999
Sarah McLachlan,I Will Remember You,1999
Chanté Moore,Chanté's Got a Man,1999
Case,Happily Ever After,1999
Whitney Houston,My Love Is Your Love,1999
Faith Evans featuring Puff Daddy,All Night Long,1999
Juvenile featuring Mannie Fresh and Lil Wayne,Back That Azz Up,1999
Brandy,Almost Doesn't Count,1999
Shania Twain,Man! I Feel Like a Woman!,1999
Len,Steal My Sunshine,1999
Marc Anthony,I Need to Know,1999
Ginuwine,So Anxious,1999
Case featuring Joe,Faded Pictures,1999
Brian McKnight,Back at One,1999
R. Kelly,When a Woman's Fed Up,1999
Kenny Chesney,How Forever Feels,1999
Lonestar,Amazed,1999
Britney Spears,Sometimes,1999
Mo Thugs,Ghetto Cowboy,1999
Fastball,Out of My Head,1999
Jay-Z,Hard Knock Life (Ghetto Anthem),1999
Naughty by Nature featuring Zhané,Jamboree,1999
"Blackstreet featuring Mýa, Mase and Blinky Blink",Take Me There,1999
Joey McIntyre,Stay the Same,1999
Jo Dee Messina,A Lesson in Leavin',1999
Goo Goo Dolls,Iris,1999
Puff Daddy featuring R. Kelly,Satisfy You,1999
Citizen King,Better Days (And the Bottom Drops Out),1999
N Sync and Gloria Estefan,Music of My Heart,1999
George Strait,Write This Down,1999
Whitney Houston and Mariah Carey,When You Believe,1999
Alabama and 'N Sync,(God Must Have Spent) A Little More Time on You,1999
Faith Hill,Breathe,2000
Santana featuring Rob Thomas,Smooth,2000
Santana featuring The Product G&B,Maria Maria,2000
Joe,I Wanna Know,2000
Vertical Horizon,Everything You Want,2000
Destiny's Child,Say My Name,2000
Savage Garden,I Knew I Loved You,2000
Lonestar,Amazed,2000
Matchbox Twenty,Bent,2000
Toni Braxton,He Wasn't Man Enough,2000
Creed,Higher,2000
Aaliyah,Try Again,2000
Destiny's Child,"Jumpin', Jumpin'",2000
Sisqó,Thong Song,2000
3 Doors Down,Kryptonite,2000
Pink,There You Go,2000
Madonna,Music,2000
Janet,Doesn't Really Matter,2000
Christina Aguilera,What a Girl Wants,2000
Brian McKnight,Back at One,2000
N Sync,Bye Bye Bye,2000
Marc Anthony,You Sang to Me,2000
Marc Anthony,I Need to Know,2000
Montell Jordan,Get It On Tonite,2000
Sisqó,Incomplete,2000
Macy Gray,I Try,2000
N Sync,It's Gonna Be Me,2000
Céline Dion,That's the Way It Is,2000
Nelly,Country Grammar (Hot Shit),2000
Blaque,Bring It All to Me,2000
Backstreet Boys,Show Me the Meaning of Being Lonely,2000
"Missy Elliott featuring Nas, Eve and Q-Tip",Hot Boyz,2000
BBMak,Back Here,2000
Sonique,It Feels So Good,2000
Nine Days,Absolutely (Story of a Girl),2000
Creed,With Arms Wide Open,2000
Enrique Iglesias,Be with You,2000
Christina Aguilera,Come On Over Baby (All I Want Is You),2000
Ruff Endz,No More,2000
Blink 182,All the Small Things,2000
Faith Hill,The Way You Love Me,2000
Christina Aguilera,I Turn to You,2000
Third Eye Blind,Never Let You Go,2000
LeAnn Rimes,I Need You,2000
Mariah Carey featuring Joe and 98 Degrees,Thank God I Found You,2000
Jagged Edge,Let's Get Married,2000
Whitney Houston,My Love Is Your Love,2000
Smash Mouth,Then the Morning Comes,2000
Eiffel 65,Blue (Da Ba Dee),2000
Sting featuring Cheb Mami,Desert Rose,2000
Eminem,The Real Slim Shady,2000
Pink,Most Girls,2000
Next,Wifey,2000
Everclear,Wonderful,2000
Britney Spears,Oops!... I Did It Again,2000
Jessica Simpson,I Wanna Love You Forever,2000
98 Degrees,Give Me Just One Night (Una Noche),2000
Filter,Take a Picture,2000
Red Hot Chili Peppers,Otherside,2000
Jay-Z featuring UGK,Big Pimpin',2000
Son by Four,Purest of Pain (A Puro Dolor),2000
Jagged Edge,He Can't Love U,2000
Avant,Separated,2000
Carl Thomas,I Wish,2000
Donell Jones,U Know What's Up,2000
soulDecision featuring Thrust,Faded,2000
Kid Rock,Only God Knows Why,2000
Mystikal,Shake Ya Ass,2000
Erykah Badu,Bag Lady,2000
Train,Meet Virginia,2000
DMX,Party Up (Up in Here),2000
Mýa,Case of the Ex (Whatcha Gonna Do),2000
Dr. Dre featuring Eminem,Forgot About Dre,2000
Jo Dee Messina,That's the Way,2000
Westlife,Swear It Again,2000
Dr. Dre featuring Snoop Dogg,The Next Episode,2000
Britney Spears,From the Bottom of My Broken Heart,2000
Savage Garden,Crash and Burn,2000
Chad Brock,Yes!,2000
George Strait,The Best Day,2000
Donell Jones,Where I Wanna Be,2000
Toby Keith,How Do You Like Me Now?!,2000
Tim McGraw,My Best Friend,2000
Goo Goo Dolls,Broadway,2000
Da Brat featuring Tyrese,What'chu Like,2000
Kandi,Don't Think I'm Not,2000
Lee Ann Womack with Sons of the Desert,I Hope You Dance,2000
Alice Deejay,Better Off Alone,2000
Debelah Morgan,Dance with Me,2000
Lonestar,What About Now,2000
Sammie,I Like It,2000
Kevon Edmonds,24/7,2000
LFO,Girl on TV,2000
Lil' Bow Wow featuring Xscape,Bounce with Me,2000
Dixie Chicks,Cowboy Take Me Away,2000
Aaliyah,I Don't Wanna,2000
Destiny's Child,Independent Women Part I,2000
Samantha Mumba,Gotta Tell You,2000
Jennifer Lopez,Waiting for Tonight,2000
Mary Mary,Shackles (Praise You),2000
Lifehouse,Hanging by a Moment,2001
Alicia Keys,Fallin',2001
Janet,All for You,2001
Train,Drops of Jupiter (Tell Me),2001
Jennifer Lopez featuring Ja Rule,I'm Real (Murder Remix),2001
Matchbox Twenty,If You're Gone,2001
Eve featuring Gwen Stefani,Let Me Blow Ya Mind,2001
Dido,Thank You,2001
Lenny Kravitz,Again,2001
Destiny's Child,Independent Women Part I,2001
Blu Cantrell,Hit 'Em Up Style (Oops!),2001
Shaggy featuring Rikrok,It Wasn't Me,2001
Joe featuring Mystikal,Stutter,2001
Staind,It's Been Awhile,2001
Usher,U Remind Me,2001
Jagged Edge with Nelly,Where the Party At,2001
Shaggy featuring Rayvon,Angel,2001
Nelly featuring City Spud,Ride wit Me,2001
Uncle Kracker,Follow Me,2001
112,Peaches & Cream,2001
Incubus,Drive,2001
City High,What Would You Do?,2001
Destiny's Child,Survivor,2001
"Christina Aguilera, Lil' Kim, Mýa and Pink",Lady Marmalade,2001
OutKast,Ms. Jackson,2001
Jennifer Lopez,Love Don't Cost a Thing,2001
Faith Hill,The Way You Love Me,2001
Dream,He Loves U Not,2001
Crazy Town,Butterfly,2001
Ja Rule featuring Lil' Mo and Vita,Put It on Me,2001
Mary J. Blige,Family Affair,2001
Lee Ann Womack,I Hope You Dance,2001
Moby featuring Gwen Stefani,South Side,2001
Madonna,Don't Tell Me,2001
Missy Elliott,Get Ur Freak On,2001
K-Ci & JoJo,Crazy,2001
Craig David,Fill Me In,2001
Janet,Someone to Call My Lover,2001
Creed,With Arms Wide Open,2001
Mýa,Case of the Ex (Whatcha Gonna Do),2001
O-Town,All or Nothing,2001
Destiny's Child,Bootylicious,2001
Nelly Furtado,I'm Like a Bird,2001
3 Doors Down,Kryptonite,2001
R. Kelly featuring Jay-Z,Fiesta,2001
Sugar Ray,When It's Over,2001
Aerosmith,Jaded,2001
Jagged Edge,Promise,2001
Case,Missing You,2001
Ginuwine,Differences,2001
N Sync,This I Promise You,2001
Jay-Z,Izzo (H.O.V.A.),2001
Lil' Mo featuring Fabolous,Superwoman Pt. II,2001
Evan and Jaron,Crazy for This Girl,2001
Ricky Martin and Christina Aguilera,Nobody Wants to Be Lonely,2001
Jay-Z,I Just Wanna Love U (Give It 2 Me),2001
Missy Elliott featuring Ludacris,One Minute Man,2001
Mystikal featuring Nivea,Danger (Been So Long),2001
Enya,Only Time,2001
Toya,I Do!!,2001
S Club 7,Never Had a Dream Come True,2001
Tamia,Stranger in My House,2001
Jessica Simpson,Irresistible,2001
Sunshine Anderson,Heard It All Before,2001
Dave Matthews Band,The Space Between,2001
Faith Hill,There You'll Be,2001
Musiq Soulchild,Love,2001
112,It's Over Now,2001
3LW,No More (Baby I'ma Do Right),2001
Nelly Furtado,Turn Off the Light,2001
Brooks & Dunn,Ain't Nothing 'bout You,2001
Jennifer Lopez,Play,2001
Lonestar,I'm Already There,2001
Lil' Romeo,My Baby,2001
U2,Beautiful Day,2001
Blake Shelton,Austin,2001
Ludacris,Southern Hospitality,2001
Tim McGraw,Grown Men Don't Cry,2001
Ja Rule featuring Case,Livin' It Up,2001
Mariah Carey featuring Cameo,Loverboy,2001
The Isley Brothers featuring R. Kelly and Chanté Moore,Contagious,2001
Jessica Andrews,Who I Am,2001
Erick Sermon featuring Marvin Gaye,Music,2001
Willa Ford,I Wanna Be Bad,2001
Kenny Chesney,Don't Happen Twice,2001
Diamond Rio,One More Day,2001
R. Kelly,I Wish,2001
Travis Tritt,It's a Great Day to Be Alive,2001
Trick Daddy,I'm a Thug,2001
Eve 6,Here's to the Night,2001
Toby Keith,You Shouldn't Kiss Me Like This,2001
Eden's Crush,Get Over Yourself,2001
Debelah Morgan,Dance with Me,2001
Outkast,"So Fresh, So Clean",2001
Nelly,E.I.,2001
3 Doors Down,Be Like That,2001
Pink,Most Girls,2001
QB Finest featuring Nas and Bravehearts,Oochie Wally,2001
Enrique Iglesias,Hero,2001
Fuel,Hemorrhage (In My Hands),2001
Nickelback,How You Remind Me,2002
Ashanti,Foolish,2002
Nelly,Hot in Herre,2002
Nelly featuring Kelly Rowland,Dilemma,2002
The Calling,Wherever You Will Go,2002
Vanessa Carlton,A Thousand Miles,2002
Linkin Park,In the End,2002
Fat Joe featuring Ashanti,What's Luv?,2002
Usher,U Got It Bad,2002
Puddle of Mudd,Blurry,2002
Avril Lavigne,Complicated,2002
Ja Rule featuring Ashanti,Always on Time,2002
Jennifer Lopez featuring Ja Rule,Ain't It Funny (Murder Remix),2002
Jimmy Eat World,The Middle,2002
P. Diddy featuring Usher and Loon,I Need a Girl (Part One),2002
Usher,U Don't Have to Call,2002
Mary J. Blige,Family Affair,2002
"P. Diddy featuring Ginuwine, Loon and Mario Winans",I Need a Girl (Part Two),2002
Eve featuring Alicia Keys,Gangsta Lovin',2002
Creed,My Sacrifice,2002
Eminem,Without Me,2002
Enrique Iglesias,Hero,2002
Michelle Branch,All You Wanted,2002
Pink,Get the Party Started,2002
Chad Kroeger featuring Josey Scott,Hero,2002
Default,Wasting My Time,2002
Creed,One Last Breath,2002
Shakira,"Whenever, Wherever",2002
Jennifer Lopez featuring Nas,I'm Gonna Be Alright,2002
Cam'ron featuring Juelz Santana,Oh Boy,2002
DJ Sammy featuring Yanou and Do,Heaven,2002
No Doubt featuring Bounty Killer,Hey Baby,2002
N Sync featuring Nelly,Girlfriend,2002
Mario,Just a Friend 2002,2002
Sheryl Crow,Soak Up the Sun,2002
Pink,Don't Let Me Get Me,2002
N.O.R.E.,Nothin',2002
Tweet featuring Missy Elliott,Oops (Oh My),2002
Kelly Clarkson,A Moment Like This,2002
Truth Hurts featuring Rakim,Addictive,2002
Ashanti,Happy,2002
John Mayer,No Such Thing,2002
Pink,Just Like a Pill,2002
"Ja Rule featuring Ashanti, Charli Baltimore and Vita",Down 4 U,2002
Kylie Minogue,Can't Get You Out of My Head,2002
Five for Fighting,Superman (It's Not Easy),2002
Eminem,Cleanin' Out My Closet,2002
Musiq Soulchild,Halfcrazy,2002
Mr. Cheeks,"Lights, Camera, Action!",2002
Big Tymers,Still Fly,2002
Alicia Keys,A Woman's Worth,2002
Craig David,7 Days,2002
Cam'ron featuring Juelz Santana and Freekey Zekey,Hey Ma,2002
Missy Elliott,Work It,2002
Ludacris featuring Mystikal and I-20,Move Bitch,2002
LeAnn Rimes,Can't Fight the Moonlight,2002
Enrique Iglesias,Escape,2002
Aaliyah,More than a Woman,2002
No Doubt,Hella Good,2002
Faith Evans,I Love You,2002
Daniel Bedingfield,Gotta Get thru This,2002
Busta Rhymes featuring P. Diddy and Pharrell,"Pass the Courvoisier, Part II",2002
Eminem,Lose Yourself,2002
Michael Jackson,Butterflies,2002
Brandy,What About Us?,2002
Shakira,Underneath Your Clothes,2002
Mary J. Blige featuring Ja Rule,Rainy Dayz,2002
Ginuwine,Differences,2002
Angie Martinez featuring Lil' Mo and Sacario,If I Could Go!,2002
Outkast featuring Killer Mike,The Whole World,2002
No Doubt featuring Lady Saw,Underneath It All,2002
City High featuring Eve,Caramel,2002
LL Cool J,Luv U Better,2002
Sean Paul,Gimme the Light,2002
N Sync,Gone,2002
Ja Rule featuring Case,Livin' It Up,2002
Ludacris,Rollout (My Business),2002
Goo Goo Dolls,Here Is Gone,2002
Mary J. Blige,No More Drama,2002
Dirty Vegas,Days Go By,2002
Ashanti,Baby,2002
Kenny Chesney,The Good Stuff,2002
Fat Joe featuring R. Kelly,We Thuggin',2002
Steve Holy,Good Morning Beautiful,2002
Aaliyah,Rock the Boat,2002
Alan Jackson,Drive (For Daddy Gene),2002
Jewel,Standing Still,2002
Jaheim featuring Next,Anything,2002
Brandy,Full Moon,2002
B2K,Uh Huh,2002
Celine Dion,A New Day Has Come,2002
Nelly Furtado,Turn Off the Light,2002
George Strait,Living and Living Well,2002
Toby Keith,My List,2002
Alanis Morissette,Hands Clean,2002
Avril Lavigne,Sk8er Boi,2002
Dixie Chicks,Long Time Gone,2002
Alan Jackson,Where Were You (When the World Stopped Turning),2002
Justin Timberlake,Like I Love You,2002
Toya,I Do!!,2002
50 Cent,In da Club,2003
R. Kelly,Ignition,2003
Sean Paul,Get Busy,2003
Beyoncé featuring Jay-Z,Crazy in Love,2003
3 Doors Down,When I'm Gone,2003
Matchbox Twenty,Unwell,2003
Chingy,Right Thurr,2003
Aaliyah,Miss You,2003
Kid Rock featuring Sheryl Crow,Picture,2003
Evanescence featuring Paul McCoy,Bring Me to Life,2003
Lil Jon & The East Side Boyz featuring Ying Yang Twins,Get Low,2003
Beyoncé featuring Sean Paul,Baby Boy,2003
"Nelly, P. Diddy and Murphy Lee",Shake Ya Tailfeather,2003
50 Cent featuring Nate Dogg,21 Questions,2003
Jennifer Lopez featuring LL Cool J,All I Have,2003
Christina Aguilera,Beautiful,2003
Busta Rhymes and Mariah Carey featuring Flipmode Squad,I Know What You Want,2003
Avril Lavigne,I'm with You,2003
Uncle Kracker featuring Dobie Gray,Drift Away,2003
Lil' Kim featuring 50 Cent,Magic Stick,2003
50 Cent,P.I.M.P.,2003
B2K and P. Diddy,"Bump, Bump, Bump",2003
Fabolous featuring Tamia,Into You,2003
Fabolous featuring Lil' Mo and Mike Shorey,Can't Let You Go,2003
Ja Rule featuring Ashanti,Mesmerize,2003
Black Eyed Peas,Where Is the Love?,2003
Santana featuring Michelle Branch,The Game of Love,2003
Eminem,Lose Yourself,2003
Ashanti,Rock wit U (Awww Baby),2003
Justin Timberlake,Cry Me a River,2003
Tyrese,How You Gonna Act Like That,2003
Justin Timberlake,Rock Your Body,2003
Wayne Wonder,No Letting Go,2003
Pharrell featuring Jay-Z,Frontin',2003
Dixie Chicks,Landslide,2003
Missy Elliott,Work It,2003
Jay-Z featuring Beyoncé,03 Bonnie & Clyde,2003
Nivea featuring Jagged Edge,Don't Mess with My Man,2003
Monica,So Gone,2003
Nelly featuring St. Lunatics,Air Force Ones,2003
Lumidee,"Never Leave You (Uh Oooh, Uh Oooh)",2003
Snoop Dogg featuring Pharrell and Charlie Wilson,Beautiful,2003
Missy Elliott featuring Ludacris,Gossip Folks,2003
Kelly Clarkson,Miss Independent,2003
Train,Calling All Angels,2003
YoungBloodZ featuring Lil Jon,Damn!,2003
Clay Aiken,This Is the Night,2003
John Mayer,Your Body Is a Wonderland,2003
Trapt,Headstrong,2003
Ginuwine,In Those Jeans,2003
Ludacris featuring Shawnna,Stand Up,2003
Jason Mraz,The Remedy (I Won't Worry),2003
Santana featuring Alex Band,Why Don't You & I,2003
Jay-Z,Excuse Me Miss,2003
Jennifer Lopez featuring Jadakiss and Styles P,Jenny from the Block,2003
Michelle Branch,Are You Happy Now?,2003
Shania Twain,Forever and for Always,2003
Nas,I Can,2003
No Doubt featuring Lady Saw,Underneath It All,2003
Daniel Bedingfield,If You're Not the One,2003
R. Kelly,Thoia Thoing,2003
3 Doors Down,Here Without You,2003
50 Cent,Wanksta,2003
Mýa,My Love Is Like...Wo,2003
Alan Jackson featuring Jimmy Buffett,It's Five O'Clock Somewhere,2003
Sean Paul,Like Glue,2003
Christina Aguilera featuring Lil' Kim,Can't Hold Us Down,2003
Lonestar,My Front Porch Looking In,2003
Amanda Perez,Angel,2003
Puddle of Mudd,She Hates Me,2003
Frankie J,Don't Wanna Try,2003
Lil' Kim featuring Mr. Cheeks,The Jump Off,2003
Jewel,Intuition,2003
Ginuwine featuring Baby,Hell Yeah,2003
Toby Keith featuring Willie Nelson,Beer for My Horses,2003
Chingy featuring Ludacris and Snoop Dogg,Holidae In,2003
Baby Bash featuring Frankie J,Suga Suga,2003
Erykah Badu featuring Common,Love of My Life (An Ode to Hip-Hop),2003
Christina Aguilera,Fighter,2003
2Pac,Thugz Mansion,2003
Coldplay,Clocks,2003
Jaheim,Put That Woman First,2003
Ashanti,Rain on Me,2003
Mark Wills,19 Somethin',2003
Young Gunz,"Can't Stop, Won't Stop",2003
Brooks & Dunn,Red Dirt Road,2003
Dierks Bentley,What Was I Thinkin',2003
Ruben Studdard,Flying Without Wings,2003
Eminem,Sing for the Moment,2003
Darryl Worley,Have You Forgotten?,2003
Kenny Chesney,"No Shoes, No Shirt, No Problems",2003
Aaliyah,Come Over,2003
Field Mob,Sick of Being Lonely,2003
R. Kelly,Step in the Name of Love,2003
Thalía featuring Fat Joe,I Want You,2003
Audioslave,Like a Stone,2003
Norah Jones,Don't Know Why,2003
Eminem,Superman,2003
Tim McGraw,Real Good Man,2003
Floetry,Say Yes,2003
Usher featuring Lil Jon and Ludacris,Yeah!,2004
Usher,Burn,2004
Alicia Keys,If I Ain't Got You,2004
Maroon 5,This Love,2004
OutKast featuring Sleepy Brown,The Way You Move,2004
Hoobastank,The Reason,2004
Mario Winans featuring Enya and P. Diddy,I Don't Wanna Know,2004
OutKast,Hey Ya!,2004
Ciara featuring Petey Pablo,Goodies,2004
Terror Squad featuring Fat Joe and Remy Ma,Lean Back,2004
J-Kwon,Tipsy,2004
Usher,Confessions Part II,2004
Juvenile featuring Soulja Slim,Slow Motion,2004
Petey Pablo,Freek-a-Leek,2004
3 Doors Down,Here Without You,2004
Twista featuring Kanye West and Jamie Foxx,Slow Jamz,2004
Nickelback,Someday,2004
Beyoncé,Naughty Girl,2004
Evanescence,My Immortal,2004
Lil' Flip featuring Lea,Sunshine,2004
Jay-Z,Dirt Off Your Shoulder,2004
Nina Sky featuring Jabba,Move Ya Body,2004
Christina Milian,Dip It Low,2004
Usher and Alicia Keys,My Boo,2004
Chingy featuring J-Weav,One Call Away,2004
Beyoncé,"Me, Myself and I",2004
Kevin Lyttle featuring Spragga Benz,Turn Me On,2004
Sheryl Crow,The First Cut Is the Deepest,2004
Alicia Keys,You Don't Know My Name,2004
Nelly featuring Jaheim,My Place,2004
Twista,Overnight Celebrity,2004
Cassidy featuring R. Kelly,Hotel,2004
Linkin Park,Numb,2004
Alicia Keys featuring Tony! Toni! Toné!,Diary,2004
Maroon 5,She Will Be Loved,2004
Dido,White Flag,2004
Los Lonely Boys,Heaven,2004
No Doubt,It's My Life,2004
Ashlee Simpson,Pieces of Me,2004
JoJo,Leave (Get Out),2004
Kelis,Milkshake,2004
Ludacris,Splash Waterfalls,2004
Kanye West,Jesus Walks,2004
Akon featuring Styles P,Locked Up,2004
Ludacris featuring Shawnna,Stand Up,2004
Baby Bash featuring Frankie J,Suga Suga,2004
Kanye West featuring Syleena Johnson,All Falls Down,2004
Britney Spears,Toxic,2004
Ying Yang Twins featuring Lil Jon & the East Side Boyz,Salt Shaker,2004
Jessica Simpson,With You,2004
Switchfoot,Meant to Live,2004
"Houston featuring Chingy, Nate Dogg and I-20",I Like That,2004
Ruben Studdard,Sorry 2004,2004
Avril Lavigne,My Happy Ending,2004
Lloyd Banks,On Fire,2004
OutKast,Roses,2004
Jagged Edge,Walked Outta Heaven,2004
Destiny's Child,Lose My Breath,2004
D12,My Band,2004
Sean Paul featuring Sasha,I'm Still in Love with You,2004
Kanye West,Through the Wire,2004
Jadakiss featuring Anthony Hamilton,Why?,2004
Eamon,Fuck It (I Don't Want You Back),2004
Avant,Read Your Mind,2004
Lil' Flip,Game Over (Flip),2004
Finger Eleven,One Thing,2004
LL Cool J,Headsprung,2004
YoungBloodZ featuring Lil Jon,Damn!,2004
Beyoncé featuring Sean Paul,Baby Boy,2004
Lil Jon & the East Side Boyz featuring Ying Yang Twins,Get Low,2004
Snoop Dogg featuring Pharrell,Drop It Like It's Hot,2004
Monica,U Should've Known Better,2004
Ryan Cabrera,On the Way Down,2004
Kelly Clarkson,Breakaway,2004
Santana featuring Alex Band or Chad Kroeger,Why Don't You & I,2004
Jet,Are You Gonna Be My Girl,2004
Five for Fighting,100 Years,2004
R. Kelly,Step in the Name of Love,2004
Linkin Park,Breaking the Habit,2004
Nick Cannon featuring R. Kelly,Gigolo,2004
Tim McGraw,Live Like You Were Dying,2004
Alan Jackson,Remember When,2004
Britney Spears,Everytime,2004
Lloyd featuring Ashanti,Southside,2004
Beenie Man featuring Ms. Thing,Dude,2004
G-Unit featuring Joe,Wanna Get to Know You,2004
Chingy featuring Ludacris and Snoop Dogg,Holidae In,2004
The Black Eyed Peas,Let's Get It Started,2004
Kenny Chesney and Uncle Kracker,When the Sun Goes Down,2004
Toby Keith,American Soldier,2004
Jay-Z,Change Clothes,2004
Avril Lavigne,Don't Tell Me,2004
Keith Urban,You'll Think of Me,2004
R. Kelly,Happy People,2004
The Black Eyed Peas,Hey Mama,2004
Nelly featuring Tim McGraw,Over and Over,2004
Gretchen Wilson,Redneck Woman,2004
Eminem,Just Lose It,2004
John Michael Montgomery,Letters from Home,2004
Kenny Chesney,I Go Back,2004
Mariah Carey,We Belong Together,2005
Gwen Stefani,Hollaback Girl,2005
Mario,Let Me Love You,2005
Kelly Clarkson,Since U Been Gone,2005
Ciara featuring Missy Elliott,"1, 2 Step",2005
Kanye West featuring Jamie Foxx,Gold Digger,2005
Green Day,Boulevard of Broken Dreams,2005
50 Cent featuring Olivia,Candy Shop,2005
The Pussycat Dolls featuring Busta Rhymes,Don't Cha,2005
Kelly Clarkson,Behind These Hazel Eyes,2005
50 Cent,Disco Inferno,2005
Lifehouse,You and Me,2005
The Black Eyed Peas,Don't Phunk with My Heart,2005
Missy Elliott featuring Ciara and Fatman Scoop,Lose Control,2005
Mariah Carey,Shake It Off,2005
The Killers,Mr. Brightside,2005
50 Cent,Just a Lil Bit,2005
Rihanna,Pon de Replay,2005
The Game featuring 50 Cent,How We Do,2005
Weezer,Beverly Hills,2005
Ciara featuring Ludacris,Oh,2005
Rob Thomas,Lonely No More,2005
Snoop Dogg featuring Pharrell,Drop It Like It's Hot,2005
The Game featuring 50 Cent,Hate It or Love It,2005
Lil Jon featuring Usher and Ludacris,Lovers & Friends,2005
Destiny's Child featuring T.I. and Lil Wayne,Soldier,2005
Kelly Clarkson,Breakaway,2005
Will Smith,Switch,2005
Bow Wow featuring Omarion,Let Me Hold You,2005
Bow Wow featuring Ciara,Like You,2005
Gwen Stefani featuring Eve,Rich Girl,2005
The Black Eyed Peas,My Humps,2005
Frankie J featuring Baby Bash,Obsession (No Es Amor),2005
Usher,Caught Up,2005
DHT featuring Edmee,Listen to Your Heart,2005
Papa Roach,Scars,2005
Gorillaz,Feel Good Inc.,2005
3 Doors Down,Let Me Go,2005
Green Day,Holiday,2005
Fall Out Boy,"Sugar, We're Goin Down",2005
Pretty Ricky,Grind with Me,2005
Chris Brown featuring Juelz Santana,Run It!,2005
Nickelback,Photograph,2005
Akon,Lonely,2005
Howie Day,Collide,2005
Green Day,Wake Me Up When September Ends,2005
Bobby Valentino,Slow Down,2005
Nelly featuring Tim McGraw,Over and Over,2005
Trillville featuring Cutty,Some Cut,2005
Fat Joe featuring Nelly,Get It Poppin',2005
David Banner,Play,2005
Young Jeezy featuring Akon,Soul Survivor,2005
Ludacris featuring Bobby Valentino,Pimpin' All Over the World,2005
Usher and Alicia Keys,My Boo,2005
"Trick Daddy featuring Ludacris, Lil' Kim and Cee Lo Green",Sugar (Gimme Some),2005
Alicia Keys,Karma,2005
Coldplay,Speed of Sound,2005
Gavin DeGraw,I Don't Want to Be,2005
Eminem,Mockingbird,2005
Shakira featuring Alejandro Sanz,La Tortura,2005
Maroon 5,She Will Be Loved,2005
Baby Bash featuring Akon,Baby I'm Back,2005
Ying Yang Twins,Wait (The Whisper Song),2005
Backstreet Boys,Incomplete,2005
T.I.,Bring Em Out,2005
Destiny's Child,Cater 2 U,2005
Amerie,1 Thing,2005
Foo Fighters,Best of You,2005
Mariah Carey featuring Jermaine Dupri and Fatman Scoop,It's Like That,2005
Natalie,Goin' Crazy,2005
Carrie Underwood,Inside Your Heaven,2005
Kelly Clarkson,Because of You,2005
Fantasia,Truth Is,2005
Pretty Ricky,Your Body,2005
Jesse McCartney,Beautiful Soul,2005
Gwen Stefani,Cool,2005
Ludacris,Get Back,2005
50 Cent featuring Mobb Deep,Outta Control,2005
T.I.,U Don't Know Me,2005
Natasha Bedingfield,These Words,2005
The Black Eyed Peas,Don't Lie,2005
Jennifer Lopez,Get Right,2005
John Mayer,Daughters,2005
Toby Keith,As Good as I Once Was,2005
Brooke Valentine featuring Lil Jon and Big Boi,Girlfight,2005
Destiny's Child,Lose My Breath,2005
John Legend,Ordinary People,2005
Sean Paul,We Be Burnin',2005
The Click Five,Just the Girl,2005
Ryan Cabrera,TRUE,2005
Omarion,O,2005
Mike Jones,Back Then,2005
Jay-Z and Linkin Park,Numb/Encore,2005
Ja Rule featuring R. Kelly and Ashanti,Wonderful,2005
T-Pain,I'm Sprung,2005
Gavin DeGraw,Chariot,2005
112 featuring Foxy Brown,U Already Know,2005
Faith Hill,Mississippi Girl,2005
Ludacris,Number One Spot,2005
Webbie featuring Bun B,Give Me That,2005
Daniel Powter,Bad Day,2006
Sean Paul,Temperature,2006
Nelly Furtado featuring Timbaland,Promiscuous,2006
James Blunt,You're Beautiful,2006
Shakira featuring Wyclef Jean,Hips Don't Lie,2006
Natasha Bedingfield,Unwritten,2006
Gnarls Barkley,Crazy,2006
Chamillionaire featuring Krayzie Bone,Ridin',2006
Justin Timberlake featuring Timbaland,SexyBack,2006
Beyoncé featuring Slim Thug,Check on It,2006
Mary J. Blige,Be Without You,2006
"Nelly, Paul Wall and Ali & Gipp",Grillz,2006
The Fray,Over My Head (Cable Car),2006
Cassie,Me & U,2006
Pussycat Dolls featuring Snoop Dogg,Buttons,2006
Chris Brown featuring Juelz Santana,Run It!,2006
Ne-Yo,So Sick,2006
Yung Joc featuring Nitti,It's Goin' Down,2006
Rihanna,SOS,2006
Panic! at the Disco,I Write Sins Not Tragedies,2006
The All-American Rejects,Move Along,2006
Fergie,London Bridge,2006
Red Hot Chili Peppers,Dani California,2006
Lil Jon featuring E-40 and Sean Paul,Snap Yo Fingers,2006
Dem Franchize Boyz,"Lean wit It, Rock wit It",2006
Rascal Flatts,What Hurts the Most,2006
The Fray,How to Save a Life,2006
Rihanna,Unfaithful,2006
Snow Patrol,Chasing Cars,2006
Hinder,Lips of an Angel,2006
Cascada,Everytime We Touch,2006
Christina Aguilera,Ain't No Other Man,2006
Fall Out Boy,"Dance, Dance",2006
Kanye West featuring Jamie Foxx,Gold Digger,2006
Ludacris featuring Pharrell,Money Maker,2006
Bubba Sparxxx featuring Ying Yang Twins,Ms. New Booty,2006
Sean Paul featuring Keyshia Cole,(When You Gonna) Give It Up to Me,2006
Nickelback,Photograph,2006
Kelly Clarkson,Because of You,2006
Pussycat Dolls,Stickwitu,2006
T-Pain featuring Mike Jones,I'm 'n Luv (wit a Stripper),2006
The Black Eyed Peas,My Humps,2006
Fort Minor featuring Holly Brook and Jonah Matranga,Where'd You Go,2006
Chris Brown,Yo (Excuse Me Miss),2006
Kelly Clarkson,Walk Away,2006
D4L,Laffy Taffy,2006
T.I.,What You Know,2006
The All-American Rejects,Dirty Little Secret,2006
Nickelback,Savin' Me,2006
Mariah Carey,Don't Forget About Us,2006
Ne-Yo,Sexy Love,2006
E-40 featuring T-Pain and Kandi Girl,U and Dat,2006
Nickelback,Far Away,2006
Nick Lachey,What's Left of Me,2006
Field Mob featuring Ciara,So What,2006
Cherish featuring Sean P,Do It to It,2006
KT Tunstall,Black Horse and the Cherry Tree,2006
Juelz Santana,There It Go (The Whistle Song),2006
Young Dro featuring T.I.,Shoulder Lean,2006
Jamie Foxx featuring Ludacris,Unpredictable,2006
Justin Timberlake featuring T.I.,My Love,2006
Eminem featuring Nate Dogg,Shake That,2006
Chingy featuring Tyrese,Pullin' Me Back,2006
Kelis featuring Too Short,Bossy,2006
Jibbs,Chain Hang Low,2006
Akon featuring Eminem,Smack That,2006
Ray J,One Wish,2006
Fall Out Boy,"Sugar, We're Goin Down",2006
Chris Brown featuring Lil Wayne,Gimme That,2006
Yung Joc,I Know You See It,2006
Bon Jovi featuring Jennifer Nettles,Who Says You Can't Go Home,2006
JoJo,Too Little Too Late,2006
Busta Rhymes,Touch It,2006
Daddy Yankee,Rompe,2006
Beyoncé featuring Jay-Z,Déjà Vu,2006
Rascal Flatts,Life Is a Highway,2006
Evanescence,Call Me When You're Sober,2006
Carrie Underwood,"Jesus, Take the Wheel",2006
Danity Kane featuring Yung Joc,Show Stopper,2006
Ciara featuring Chamillionaire,Get Up,2006
Sean Paul,We Be Burnin',2006
Blue October,Hate Me,2006
Lifehouse,You and Me,2006
Pussycat Dolls featuring will.i.am,Beep,2006
"Dem Franchize Boyz featuring Jermaine Dupri, Da Brat and Bow Wow",I Think They Like Me,2006
Chris Brown,Say Goodbye,2006
John Mayer,Waiting on the World to Change,2006
Young Jeezy featuring Akon,Soul Survivor,2006
The Black Eyed Peas,Pump It,2006
Eminem,When I'm Gone,2006
Madonna,Hung Up,2006
Three 6 Mafia featuring Young Buck and 8Ball & MJG,Stay Fly,2006
Keyshia Cole,Love,2006
Ne-Yo,When You're Mad,2006
T.I.,Why You Wanna,2006
Pink,Stupid Girls,2006
Gorillaz,Feel Good Inc.,2006
T-Pain,I'm Sprung,2006
Taylor Hicks,Do I Make You Proud,2006
Teddy Geiger,For You I Will (Confidence),2006
Beyoncé,Irreplaceable,2007
Rihanna featuring Jay-Z,Umbrella,2007
Gwen Stefani featuring Akon,The Sweet Escape,2007
Fergie,Big Girls Don't Cry,2007
T-Pain featuring Yung Joc,Buy U a Drank (Shawty Snappin'),2007
Carrie Underwood,Before He Cheats,2007
Plain White T's,Hey There Delilah,2007
Akon featuring Snoop Dogg,I Wanna Love You,2007
Nelly Furtado,Say It Right,2007
Fergie featuring Ludacris,Glamorous,2007
Akon,Don't Matter,2007
Avril Lavigne,Girlfriend,2007
Maroon 5,Makes Me Wonder,2007
Shop Boyz,Party Like a Rockstar,2007
Akon featuring Eminem,Smack That,2007
Mims,This Is Why I'm Hot,2007
Daughtry,It's Not Over,2007
Timbaland featuring Keri Hilson,The Way I Are,2007
Fergie featuring will.i.am,Fergalicious,2007
Soulja Boy Tell 'Em,Crank That (Soulja Boy),2007
Timbaland featuring Nelly Furtado and Justin Timberlake,Give It to Me,2007
Justin Timberlake,What Goes Around... Comes Around,2007
Gym Class Heroes featuring Patrick Stump,Cupid's Chokehold,2007
The Fray,How to Save a Life,2007
Daughtry,Home,2007
Justin Timberlake featuring T.I.,My Love,2007
Kanye West,Stronger,2007
Jim Jones,We Fly High,2007
Pink,U + Ur Hand,2007
Unk,Walk It Out,2007
Sean Kingston,Beautiful Girls,2007
Fall Out Boy,"This Ain't a Scene, It's an Arms Race",2007
T-Pain featuring Akon,Bartender,2007
Huey,"Pop, Lock & Drop It",2007
Ludacris featuring Mary J. Blige,Runaway Love,2007
Nickelback,Rockstar,2007
Fall Out Boy,Thnks fr th Mmrs,2007
Linkin Park,What I've Done,2007
Justin Timberlake,Summer Love,2007
Lloyd featuring Lil Wayne,You,2007
Elliott Yamin,Wait for You,2007
Diddy featuring Keyshia Cole,Last Night,2007
Fat Joe featuring Lil Wayne,Make It Rain,2007
Fabolous featuring Ne-Yo,Make Me Better,2007
Omarion featuring Timbaland,Ice Box,2007
Hinder,Lips of an Angel,2007
John Mayer,Waiting on the World to Change,2007
Robin Thicke,Lost Without U,2007
R. Kelly featuring T.I. and T-Pain,I'm a Flirt,2007
Nickelback,If Everyone Cared,2007
Lloyd,Get It Shawty,2007
The Red Jumpsuit Apparatus,Face Down,2007
Baby Boy da Prince,The Way I Live,2007
Bow Wow featuring Chris Brown and Johntá Austin,Shortie Like Mine,2007
The All-American Rejects,It Ends Tonight,2007
Hurricane Chris,A Bay Bay,2007
Ne-Yo,Because of You,2007
Bone Thugs-n-Harmony featuring Akon,I Tried,2007
My Chemical Romance,Welcome To The Black Parade,2007
Plies featuring T-Pain,Shawty,2007
Snow Patrol,Chasing Cars,2007
Beyoncé and Shakira,Beautiful Liar,2007
Justin Timberlake featuring Timbaland,SexyBack,2007
Avril Lavigne,Keep Holding On,2007
Keyshia Cole featuring Missy Elliott and Lil' Kim,Let It Go,2007
Timbaland featuring OneRepublic,Apologize,2007
Colbie Caillat,Bubbly,2007
Ciara,Like a Boy,2007
Pink,Who Knew,2007
Kelly Clarkson,Never Again,2007
Ciara,Promise,2007
J. Holiday,Bed,2007
Rich Boy featuring Polow da Don,Throw Some D's,2007
Amy Winehouse,Rehab,2007
T.I.,Big Shit Poppin' (Do It),2007
Alicia Keys,No One,2007
Boys Like Girls,The Great Escape,2007
Unk,2 Step,2007
Paula DeAnda featuring The D.E.Y.,Walk Away (Remember Me),2007
Young Jeezy featuring R. Kelly,Go Getta,2007
Hellogoodbye,Here (In Your Arms),2007
Pretty Ricky,On the Hotline,2007
Gwen Stefani,Wind It Up,2007
Baby Bash featuring T-Pain,Cyclone,2007
Rihanna featuring Sean Paul,Break It Off,2007
Lifehouse,First Time,2007
50 Cent featuring Justin Timberlake and Timbaland,Ayo Technology,2007
Bow Wow featuring T-Pain and Johntá Austin,Outta My System,2007
Taylor Swift,Teardrops on My Guitar,2007
Rihanna,Shut Up and Drive,2007
Red Hot Chili Peppers,Snow (Hey Oh),2007
Ludacris featuring Pharrell,Money Maker,2007
Chris Brown featuring T-Pain,Kiss Kiss,2007
Nickelback,Far Away,2007
Crime Mob and Lil' Scrappy,Rock Yo Hips,2007
Justin Timberlake,LoveStoned,2007
Hinder,Better than Me,2007
Finger Eleven,Paralyzer,2007
Snoop Dogg featuring R. Kelly,That's That,2007
R. Kelly featuring Usher,Same Girl,2007
Flo Rida featuring T-Pain,Low,2008
Leona Lewis,Bleeding Love,2008
Alicia Keys,No One,2008
Lil Wayne featuring Static Major,Lollipop,2008
Timbaland featuring OneRepublic,Apologize,2008
Jordin Sparks and Chris Brown,No Air,2008
Sara Bareilles,Love Song,2008
Usher featuring Young Jeezy,Love in This Club,2008
Chris Brown,With You,2008
Chris Brown,Forever,2008
Ray J featuring Yung Berg,Sexy Can I,2008
Rihanna,Take a Bow,2008
Coldplay,Viva la Vida,2008
Katy Perry,I Kissed a Girl,2008
T.I.,Whatever You Like,2008
Rihanna,Disturbia,2008
Rihanna,Don't Stop the Music,2008
Natasha Bedingfield,Pocketful of Sunshine,2008
Chris Brown featuring T-Pain,Kiss Kiss,2008
Ne-Yo,Closer,2008
Colbie Caillat,Bubbly,2008
Mariah Carey,Touch My Body,2008
Madonna featuring Justin Timberlake and Timbaland,4 Minutes,2008
Pink,So What,2008
Finger Eleven,Paralyzer,2008
Fergie,Clumsy,2008
Jason Mraz,I'm Yours,2008
Jesse McCartney,Leavin',2008
Kardinal Offishall featuring Akon,Dangerous,2008
Jordin Sparks,Tattoo,2008
Miley Cyrus,See You Again,2008
Metro Station,Shake It,2008
OneRepublic,Stop and Stare,2008
Sean Kingston,Take You There,2008
M.I.A.,Paper Planes,2008
Katy Perry,Hot n Cold,2008
T.I. featuring Rihanna,Live Your Life,2008
Plies featuring Ne-Yo,Bust It Baby (Part 2),2008
Estelle featuring Kanye West,American Boy,2008
Lil Wayne featuring T-Pain,Got Money,2008
Taylor Swift,Our Song,2008
Danity Kane,Damaged,2008
Lil Wayne,A Milli,2008
Buckcherry,Sorry,2008
Webbie featuring Lil Boosie and Lil Phat,Independent,2008
T-Pain featuring Lil Wayne,Can't Believe It,2008
Alicia Keys,Like You'll Never See Me Again,2008
Taylor Swift,Teardrops on My Guitar,2008
Pussycat Dolls,When I Grow Up,2008
Snoop Dogg,Sexual Eruption,2008
Colby O'Donis featuring Akon,What You Got,2008
3 Doors Down,It's Not My Time,2008
Leona Lewis,Better in Time,2008
Soulja Boy Tell 'Em,Crank That (Soulja Boy),2008
Linkin Park,Shadow of the Day,2008
"Wyclef Jean featuring Akon, Lil Wayne and Niia",Sweetest Girl (Dollar Bill),2008
Ne-Yo,Miss Independent,2008
Secondhand Serenade,Fall for You,2008
Flo Rida featuring will.i.am,In the Ayer,2008
John Mayer,Say,2008
Jordin Sparks,One Step at a Time,2008
Rihanna featuring Ne-Yo,Hate That I Love You,2008
Lupe Fiasco featuring Matthew Santos,Superstar,2008
J. Holiday,Suffocate,2008
Kevin Rudolf featuring Lil Wayne,Let It Rock,2008
David Banner featuring Chris Brown and Yung Joc,Get Like Me,2008
Colbie Caillat,Realize,2008
Young Jeezy featuring Kanye West,Put On,2008
David Cook,The Time of My Life,2008
Three 6 Mafia,Lolli Lolli (Pop That Body),2008
Baby Bash featuring T-Pain,Cyclone,2008
Natasha Bedingfield featuring Sean Kingston,Love Like This,2008
Jonas Brothers featuring Big Rob,Burnin' Up,2008
Kanye West,Love Lockdown,2008
The-Dream,I Luv Your Girl,2008
David Archuleta,Crush,2008
Plies featuring Akon,Hypnotized,2008
Fergie,Big Girls Don't Cry,2008
Kanye West featuring T-Pain,Good Life,2008
Britney Spears,Womanizer,2008
Taylor Swift,Love Story,2008
Mary J. Blige,Just Fine,2008
Britney Spears,Piece of Me,2008
Rick Ross featuring T-Pain,The Boss,2008
Kid Rock,All Summer Long,2008
Trey Songz,Can't Help but Wait,2008
Gavin DeGraw,In Love with a Girl,2008
The Game featuring Lil Wayne,My Life,2008
Keyshia Cole,I Remember,2008
Kanye West featuring Dwele,Flashing Lights,2008
Lil Wayne featuring Bobby Valentino and Kidd Kidd,Mrs. Officer,2008
Miley Cyrus,7 Things,2008
Trace Adkins,You're Gonna Miss This,2008
Gavin Rossdale,Love Remains the Same,2008
Daughtry,Feels Like Tonight,2008
Timbaland featuring Keri Hilson,The Way I Are,2008
Saving Abel,Addicted,2008
Santana featuring Chad Kroeger,Into the Night,2008
Keyshia Cole,Heaven Sent,2008
2 Pistols featuring T-Pain and Tay Dizm,She Got It,2008
The Black Eyed Peas,Boom Boom Pow,2009
Lady Gaga,Poker Face,2009
Lady Gaga featuring Colby O'Donis,Just Dance,2009
The Black Eyed Peas,I Gotta Feeling,2009
Taylor Swift,Love Story,2009
Flo Rida,Right Round,2009
Jason Mraz,I'm Yours,2009
Beyoncé,Single Ladies (Put a Ring on It),2009
Kanye West,Heartless,2009
The All-American Rejects,Gives You Hell,2009
Taylor Swift,You Belong with Me,2009
T.I. featuring Justin Timberlake,Dead and Gone,2009
The Fray,You Found Me,2009
Kings of Leon,Use Somebody,2009
Keri Hilson featuring Kanye West and Ne-Yo,Knock You Down,2009
Jamie Foxx featuring T-Pain,Blame It,2009
Pitbull,I Know You Want Me (Calle Ocho),2009
T.I. featuring Rihanna,Live Your Life,2009
Soulja Boy Tell 'Em featuring Sammie,Kiss Me thru the Phone,2009
Jay Sean featuring Lil Wayne,Down,2009
Miley Cyrus,The Climb,2009
Drake,Best I Ever Had,2009
Kelly Clarkson,My Life Would Suck Without You,2009
Beyoncé,Halo,2009
Katy Perry,Hot n Cold,2009
Shinedown,Second Chance,2009
Britney Spears,Circus,2009
Kid Cudi,Day 'n' Nite,2009
Miley Cyrus,Party in the U.S.A.,2009
3OH!3,Don't Trust Me,2009
Jay-Z featuring Rihanna and Kanye West,Run This Town,2009
Kevin Rudolf featuring Lil Wayne,Let It Rock,2009
Sean Kingston,Fire Burning,2009
Jason Derulo,Whatcha Say,2009
Lady Gaga,LoveGame,2009
Katy Perry,Waking Up in Vegas,2009
Jeremih,Birthday Sex,2009
Pink,Sober,2009
Britney Spears,Womanizer,2009
T.I.,Whatever You Like,2009
Mariah Carey,Obsessed,2009
Ne-Yo,Mad,2009
Cobra Starship featuring Leighton Meester,Good Girls Go Bad,2009
Kanye West,Love Lockdown,2009
Pink,So What,2009
Pitbull,Hotel Room Service,2009
"Eminem, Dr. Dre and 50 Cent",Crack a Bottle,2009
Beyoncé,If I Were a Boy,2009
Keri Hilson featuring Lil Wayne,Turnin Me On,2009
Pussycat Dolls,I Hate This Part,2009
Nickelback,Gotta Be Somebody,2009
Pink,Please Don't Leave Me,2009
Lady Gaga,Paparazzi,2009
Akon featuring Colby O'Donis and Kardinal Offishall,Beautiful,2009
Coldplay,Viva la Vida,2009
Akon,Right Now (Na Na Na),2009
Jordin Sparks,Battlefield,2009
Flo Rida featuring Wynter Gordon,Sugar,2009
Ne-Yo,Miss Independent,2009
Owl City,Fireflies,2009
Linkin Park,New Divide,2009
Jay-Z featuring Alicia Keys,Empire State of Mind,2009
Daughtry,No Surprise,2009
Shakira,She Wolf,2009
Mario featuring Gucci Mane and Sean Garrett,Break Up,2009
Beyoncé,Sweet Dreams,2009
Young Money,Every Girl,2009
Colbie Caillat,Fallin' for You,2009
The Veronicas,Untouched,2009
Nickelback,If Today Was Your Last Day,2009
Fabolous featuring The-Dream,Throw It in the Bag,2009
Boys Like Girls,Love Drunk,2009
Asher Roth,I Love College,2009
Britney Spears,If U Seek Amy,2009
Jason Aldean,Big Green Tractor,2009
Taylor Swift,White Horse,2009
Rihanna,Disturbia,2009
Green Day,21 Guns,2009
Soulja Boy Tell 'Em,Turn My Swag On,2009
The-Dream,Rockin' That Thang,2009
Zac Brown Band,Chicken Fried,2009
Beyoncé,Diva,2009
Iyaz,Replay,2009
Brad Paisley,Then,2009
Rob Thomas,Her Diamonds,2009
Jesse McCartney featuring Ludacris,How Do You Sleep?,2009
Britney Spears,3,2009
"Drake featuring Kanye West, Lil Wayne and Eminem",Forever,2009
Justin Bieber,One Time,2009
Lady Antebellum,I Run to You,2009
Kelly Clarkson,I Do Not Hook Up,2009
John Legend featuring André 3000,Green Light,2009
Billy Currington,People Are Crazy,2009
Zac Brown Band,Whatever It Is,2009
Kelly Clarkson,Already Gone,2009
Kristinia DeBarge,Goodbye,2009
Michael Franti & Spearhead featuring Cherine Anderson,Say Hey (I Love You),2009
Jim Jones featuring Ron Browz and Juelz Santana,Pop Champagne,2009
Maxwell,Pretty Wings,2009
The Fray,Never Say Never,2009
Kesha,Tik Tok,2010
Lady Antebellum,Need You Now,2010
Train,"Hey, Soul Sister",2010
Katy Perry featuring Snoop Dogg,California Gurls,2010
Usher featuring will.i.am,OMG,2010
B.o.B featuring Hayley Williams,Airplanes,2010
Eminem featuring Rihanna,Love the Way You Lie,2010
Lady Gaga,Bad Romance,2010
Taio Cruz,Dynamite,2010
Taio Cruz featuring Ludacris,Break Your Heart,2010
B.o.B featuring Bruno Mars,Nothin' on You,2010
Enrique Iglesias featuring Pitbull,I Like It,2010
Young Money featuring Lloyd,BedRock,2010
Jason Derulo,In My Head,2010
Rihanna,Rude Boy,2010
Lady Gaga featuring Beyoncé,Telephone,2010
Katy Perry,Teenage Dream,2010
Bruno Mars,Just the Way You Are,2010
Mike Posner,Cooler Than Me,2010
The Black Eyed Peas,Imma Be,2010
Jay-Z featuring Alicia Keys,Empire State of Mind,2010
Usher featuring Pitbull,DJ Got Us Fallin' in Love,2010
Travie McCoy featuring Bruno Mars,Billionaire,2010
Eminem,Not Afraid,2010
Iyaz,Replay,2010
David Guetta featuring Akon,Sexy Bitch,2010
The Script,Breakeven,2010
Kesha,Your Love Is My Drug,2010
The Black Eyed Peas,I Gotta Feeling,2010
Owl City,Fireflies,2010
Trey Songz featuring Fabolous,Say Aah,2010
Drake,Find Your Love,2010
Lady Gaga,Alejandro,2010
Jason Derulo,Ridin' Solo,2010
Nelly,Just a Dream,2010
Ludacris,How Low,2010
Far East Movement featuring The Cataracs and Dev,Like a G6,2010
Timbaland featuring Justin Timberlake,Carry Out,2010
Michael Bublé,Haven't Met You Yet,2010
Flo Rida featuring David Guetta,Club Can't Handle Me,2010
Jay Sean featuring Lil Wayne,Down,2010
La Roux,Bulletproof,2010
Jason Derulo,Whatcha Say,2010
Justin Bieber featuring Ludacris,Baby,2010
Adam Lambert,Whataya Want from Me,2010
Taylor Swift,Mine,2010
Rihanna,Only Girl (In the World),2010
Kris Allen,Live Like We're Dying,2010
Rihanna featuring Jeezy,Hard,2010
Jay-Z featuring Mr Hudson,Young Forever,2010
Kesha featuring 3OH!3,Blah Blah Blah,2010
Trey Songz featuring Nicki Minaj,Bottoms Up,2010
Jay Sean featuring Sean Paul and Lil Jon,Do You Remember,2010
OneRepublic,All the Right Moves,2010
Orianthi,According to You,2010
Ludacris featuring Nicki Minaj,My Chick Bad,2010
Taylor Swift,You Belong with Me,2010
The Black Eyed Peas,Meet Me Halfway,2010
Kesha,Take It Off,2010
Drake,Over,2010
Neon Trees,Animal,2010
Maroon 5,Misery,2010
B.o.B featuring Rivers Cuomo,Magic,2010
Lady Gaga,Paparazzi,2010
New Boyz featuring Ray J,Tie Me Down,2010
Nicki Minaj,Your Love,2010
Miley Cyrus,Party in the U.S.A.,2010
Chris Brown featuring Tyga and Kevin McCall,Deuces,2010
Britney Spears,3,2010
Shontelle,Impossible,2010
"Drake featuring Kanye West, Lil Wayne and Eminem",Forever,2010
Boys Like Girls featuring Taylor Swift,Two Is Better Than One,2010
3OH!3 featuring Kesha,My First Kiss,2010
Kelly Clarkson,Already Gone,2010
The Black Eyed Peas,Rock That Body,2010
OneRepublic,Secrets,2010
Selena Gomez & the Scene,Naturally,2010
Alicia Keys,Un-Thinkable (I'm Ready),2010
"DJ Khaled featuring T-Pain, Ludacris, Snoop Dogg and Rick Ross",All I Do Is Win,2010
"Kevin Rudolf featuring Birdman, Jay Sean and Lil Wayne",I Made It (Cash Money Heroes),2010
Sugarland,Stuck Like Glue,2010
Usher featuring Plies,Hey Daddy (Daddy's Home),2010
Usher,There Goes My Baby,2010
Taylor Swift,Today Was a Fairytale,2010
Timbaland featuring Drake,Say Something,2010
Beyoncé,Sweet Dreams,2010
Kings of Leon,Use Somebody,2010
Carrie Underwood,Undo It,2010
Sean Kingston and Justin Bieber,Eenie Meenie,2010
Lil Wayne featuring Drake,Right Above It,2010
Miranda Lambert,The House That Built Me,2010
The Band Perry,If I Die Young,2010
Paramore,The Only Exception,2010
Lady Antebellum,American Honey,2010
Sara Bareilles,King of Anything,2010
Daughtry,Life After You,2010
Uncle Kracker,Smile,2010
Cali Swag District,Teach Me How to Dougie,2010
Alicia Keys,Try Sleeping with a Broken Heart,2010
Jerrod Niemann,"Lover, Lover",2010
Adele,Rolling in the Deep,2011
LMFAO featuring Lauren Bennett and GoonRock,Party Rock Anthem,2011
Katy Perry,Firework,2011
Katy Perry featuring Kanye West,E.T.,2011
"Pitbull featuring Ne-Yo, Afrojack and Nayer",Give Me Everything,2011
Bruno Mars,Grenade,2011
CeeLo Green,Forget You,2011
Nicki Minaj,Super Bass,2011
Maroon 5 featuring Christina Aguilera,Moves like Jagger,2011
The Black Eyed Peas,Just Can't Get Enough,2011
Jennifer Lopez featuring Pitbull,On the Floor,2011
Rihanna,S&M,2011
Foster the People,Pumped Up Kicks,2011
Katy Perry,Last Friday Night (T.G.I.F.),2011
Bruno Mars,Just the Way You Are,2011
Enrique Iglesias featuring Ludacris and DJ Frank E,Tonight (I'm Lovin' You),2011
Pink,Raise Your Glass,2011
Lady Gaga,Born This Way,2011
Pink,F**kin' Perfect,2011
Rihanna featuring Drake,What's My Name?,2011
Chris Brown featuring Lil Wayne and Busta Rhymes,Look at Me Now,2011
Jeremih featuring 50 Cent,Down on Me,2011
Lil Wayne,How to Love,2011
Adele,Someone Like You,2011
OneRepublic,Good Life,2011
Bruno Mars,The Lazy Song,2011
Britney Spears,Till the World Ends,2011
Lupe Fiasco,The Show Goes On,2011
Lady Gaga,The Edge of Glory,2011
Kesha,We R Who We R,2011
Wiz Khalifa,Black and Yellow,2011
Hot Chelle Rae,Tonight Tonight,2011
Kesha,Blow,2011
Bad Meets Evil featuring Bruno Mars,Lighters,2011
The Band Perry,If I Die Young,2011
Gym Class Heroes featuring Adam Levine,Stereo Hearts,2011
The Black Eyed Peas,The Time (Dirty Bit),2011
Diddy – Dirty Money featuring Skylar Grey,Coming Home,2011
Pitbull featuring T-Pain,Hey Baby (Drop It to the Floor),2011
Rihanna,Only Girl (In the World),2011
Lil Wayne featuring Cory Gunz,6 Foot 7 Foot,2011
Lady Antebellum,Just a Kiss,2011
Jason Aldean,Dirt Road Anthem,2011
Taio Cruz,Dynamite,2011
Waka Flocka Flame featuring Wale and Roscoe Dash,No Hands,2011
Britney Spears,I Wanna Go,2011
"DJ Khaled featuring Drake, Rick Ross and Lil Wayne",I'm on One,2011
Cobra Starship featuring Sabi,You Make Me Feel...,2011
Chris Brown,Yeah 3x,2011
Nicki Minaj featuring Drake,Moment 4 Life,2011
Dr. Dre featuring Eminem and Skylar Grey,I Need a Doctor,2011
Nelly,Just a Dream,2011
Kelly Rowland featuring Lil Wayne,Motivation,2011
Edward Maya featuring Vika Jigulina,Stereo Love,2011
Christina Perri,Jar of Hearts,2011
Wiz Khalifa,Roll Up,2011
LMFAO,Sexy and I Know It,2011
Far East Movement featuring Ryan Tedder,Rocketeer,2011
Kanye West featuring Rihanna,All of the Lights,2011
Britney Spears,Hold It Against Me,2011
Usher,More,2011
Avril Lavigne,What the Hell,2011
Tinie Tempah featuring Eric Turner,Written in the Stars,2011
Trey Songz featuring Nicki Minaj,Bottoms Up,2011
Usher featuring Pitbull,DJ Got Us Fallin' in Love,2011
The Script,For the First Time,2011
Blake Shelton,Honey Bee,2011
Jason Aldean featuring Kelly Clarkson,Don't You Wanna Stay,2011
Rihanna featuring Calvin Harris,We Found Love,2011
Keri Hilson,Pretty Girl Rock,2011
Lady Gaga,Yoü and I,2011
Far East Movement featuring The Cataracs and Dev,Like a G6,2011
David Guetta featuring Usher,Without You,2011
Taylor Swift,Back to December,2011
Katy Perry,Teenage Dream,2011
Eli Young Band,Crazy Girl,2011
Rihanna,Cheers (Drink to That),2011
Selena Gomez & the Scene,Who Says,2011
Jake Owen,Barefoot Blue Jean Night,2011
Zac Brown Band featuring Jimmy Buffett,Knee Deep,2011
Luke Bryan,Country Girl (Shake It for Me),2011
Brad Paisley and Carrie Underwood,Remind Me,2011
Dev,In the Dark,2011
New Boyz featuring The Cataracs and Dev,Backseat,2011
Drake,Headlines,2011
Beyoncé,Best Thing I Never Had,2011
Jason Derulo,Don't Wanna Go Home,2011
David Guetta featuring Flo Rida and Nicki Minaj,Where Them Girls At,2011
Chris Brown,She Ain't You,2011
Rodney Atkins,Take a Back Road,2011
Mike Posner,Please Don't Go,2011
Miguel,Sure Thing,2011
Jessie J featuring B.o.B,Price Tag,2011
Blake Shelton,God Gave Me You,2011
Lil Wayne featuring Drake,She Will,2011
Thompson Square,Are You Gonna Kiss Me or Not,2011
Neon Trees,Animal,2011
Kenny Chesney featuring Grace Potter,You and Tequila,2011
Zac Brown Band,Colder Weather,2011
Big Sean featuring Chris Brown,My Last,2011
Gotye featuring Kimbra,Somebody That I Used to Know,2012
Carly Rae Jepsen,Call Me Maybe,2012
Fun featuring Janelle Monáe,We Are Young,2012
Maroon 5 featuring Wiz Khalifa,Payphone,2012
Ellie Goulding,Lights,2012
The Wanted,Glad You Came,2012
Kelly Clarkson,Stronger (What Doesn't Kill You),2012
Rihanna featuring Calvin Harris,We Found Love,2012
Nicki Minaj,Starships,2012
One Direction,What Makes You Beautiful,2012
Flo Rida featuring Sia,Wild Ones,2012
Adele,Set Fire to the Rain,2012
LMFAO,Sexy and I Know It,2012
Fun,Some Nights,2012
Katy Perry,Wide Awake,2012
Flo Rida,Good Feeling,2012
Flo Rida,Whistle,2012
Maroon 5,One More Night,2012
Train,Drive By,2012
Drake featuring Lil Wayne,The Motto,2012
Rihanna,Where Have You Been,2012
Neon Trees,Everybody Talks,2012
Drake featuring Rihanna,Take Care,2012
David Guetta featuring Sia,Titanium,2012
Jason Mraz,I Won't Give Up,2012
Bruno Mars,It Will Rain,2012
"Kanye West, Big Sean, Pusha T and 2 Chainz",Mercy,2012
Justin Bieber,Boyfriend,2012
LMFAO featuring Lauren Bennett and GoonRock,Party Rock Anthem,2012
Alex Clare,Too Close,2012
Katy Perry,Part of Me,2012
Snoop Dogg and Wiz Khalifa featuring Bruno Mars,"Young, Wild & Free",2012
Taylor Swift,We Are Never Ever Getting Back Together,2012
Justin Bieber featuring Big Sean,As Long as You Love Me,2012
David Guetta featuring Nicki Minaj,Turn Me On,2012
Maroon 5 featuring Christina Aguilera,Moves like Jagger,2012
Pink,Blow Me (One Last Kiss),2012
Owl City and Carly Rae Jepsen,Good Time,2012
Demi Lovato,Give Your Heart a Break,2012
Jay-Z and Kanye West,Niggas in Paris,2012
Katy Perry,The One That Got Away,2012
Calvin Harris,Feel So Close,2012
Adele,Someone like You,2012
Usher,Scream,2012
Tyga,Rack City,2012
Jessie J,Domino,2012
Psy,Gangnam Style,2012
Pitbull featuring Chris Brown,International Love,2012
Phillip Phillips,Home,2012
David Guetta featuring Usher,Without You,2012
Gym Class Heroes featuring Neon Hitch,Ass Back Home,2012
Hunter Hayes,Wanted,2012
Luke Bryan,Drunk on You,2012
2 Chainz featuring Drake,No Lie,2012
Cher Lloyd,Want U Back,2012
Chris Brown,Don't Wake Me Up,2012
Big Sean featuring Nicki Minaj,Dance (A$$),2012
Eric Church,Springsteen,2012
Karmin,Brokenhearted,2012
Gavin DeGraw,Not Over You,2012
Gym Class Heroes featuring Adam Levine,Stereo Hearts,2012
Pitbull,Back in Time,2012
J. Cole,Work Out,2012
Adele,Rumour Has It,2012
Calvin Harris featuring Ne-Yo,Let's Go,2012
Carrie Underwood,Good Girl,2012
Little Big Town,Pontoon,2012
The Lumineers,Ho Hey,2012
Coldplay,Paradise,2012
Carrie Underwood,Blown Away,2012
Adele,Rolling in the Deep,2012
Usher,Climax,2012
Wiz Khalifa,"Work Hard, Play Hard",2012
Ne-Yo,Let Me Love You (Until You Learn to Love Yourself),2012
Nicki Minaj,Pound the Alarm,2012
Kenny Chesney,Come Over,2012
Trey Songz,Heart Attack,2012
Kirko Bangz,Drank in My Cup,2012
Rihanna featuring Chris Brown,Birthday Cake,2012
B.o.B,So Good,2012
Train,50 Ways to Say Goodbye,2012
Toby Keith,Red Solo Cup,2012
Selena Gomez & the Scene,Love You like a Love Song,2012
Chris Brown,Turn Up the Music,2012
Kesha,Die Young,2012
T-Pain featuring Wiz Khalifa and Lily Allen,5 O'Clock,2012
Christina Perri,A Thousand Years,2012
Jason Aldean,Take a Little Ride,2012
Rihanna,You da One,2012
Havana Brown featuring Pitbull,We Run the Night,2012
Imagine Dragons,It's Time,2012
Cash Out,Cashin' Out,2012
Luke Bryan,I Don't Want This Night to End,2012
Rihanna,Diamonds,2012
Lee Brice,Hard to Love,2012
Kip Moore,Somethin' 'Bout a Truck,2012
Miguel,Adorn,2012
Jason Aldean,Fly Over States,2012
Eli Young Band,Even If It Breaks Your Heart,2012
Linkin Park,Burn It Down,2012
Macklemore & Ryan Lewis featuring Wanz,Thrift Shop,2013
Robin Thicke featuring T.I. and Pharrell Williams,Blurred Lines,2013
Imagine Dragons,Radioactive,2013
Baauer,Harlem Shake,2013
Macklemore & Ryan Lewis featuring Ray Dalton,Can't Hold Us,2013
Justin Timberlake,Mirrors,2013
Pink featuring Nate Ruess,Just Give Me a Reason,2013
Bruno Mars,When I Was Your Man,2013
Florida Georgia Line featuring Nelly,Cruise,2013
Katy Perry,Roar,2013
Bruno Mars,Locked Out of Heaven,2013
The Lumineers,Ho Hey,2013
Rihanna featuring Mikky Ekko,Stay,2013
Daft Punk featuring Pharrell Williams,Get Lucky,2013
Lorde,Royals,2013
Taylor Swift,I Knew You Were Trouble,2013
Miley Cyrus,We Can't Stop,2013
Miley Cyrus,Wrecking Ball,2013
Avicii,Wake Me Up,2013
Justin Timberlake featuring Jay-Z,Suit & Tie,2013
Anna Kendrick,Cups (Pitch Perfect's *When I'm Gone*),2013
Jay-Z featuring Justin Timberlake,Holy Grail,2013
will.i.am featuring Britney Spears,Scream & Shout,2013
Zedd featuring Foxes,Clarity,2013
Awolnation,Sail,2013
Swedish House Mafia featuring John Martin,Don't You Worry Child,2013
Rihanna,Diamonds,2013
Icona Pop featuring Charli XCX,I Love It,2013
Capital Cities,Safe and Sound,2013
Bruno Mars,Treasure,2013
Ariana Grande featuring Mac Miller,The Way,2013
Drake,Started from the Bottom,2013
Selena Gomez,Come & Get It,2013
Drake featuring Majid Jordan,"Hold On, We're Going Home",2013
Maroon 5,Daylight,2013
Pitbull featuring Christina Aguilera,Feel This Moment,2013
Lady Gaga,Applause,2013
Maroon 5,One More Night,2013
Lil Wayne featuring Drake and Future,Love Me,2013
Fall Out Boy,My Songs Know What You Did in the Dark (Light Em Up),2013
"ASAP Rocky featuring Drake, 2 Chainz and Kendrick Lamar",Fuckin' Problems,2013
Justin Bieber featuring Nicki Minaj,Beauty and a Beat,2013
Macklemore & Ryan Lewis featuring Mary Lambert,Same Love,2013
Calvin Harris featuring Florence Welch,Sweet Nothing,2013
Lana Del Rey and Cédric Gervais,Summertime Sadness,2013
Phillip Phillips,Home,2013
Imagine Dragons,It's Time,2013
J. Cole featuring Miguel,Power Trip,2013
Alicia Keys featuring Nicki Minaj,Girl on Fire,2013
Demi Lovato,Heart Attack,2013
Maroon 5,Love Somebody,2013
Mumford & Sons,I Will Wait,2013
Pink,Try,2013
Darius Rucker,Wagon Wheel,2013
Psy,Gangnam Style,2013
Calvin Harris featuring Ellie Goulding,I Need Your Love,2013
Kesha,Die Young,2013
Fun,Some Nights,2013
Wale featuring Tiara Thomas or Rihanna,Bad,2013
Blake Shelton featuring Pistol Annies and Friends,Boys 'Round Here,2013
Phillip Phillips,"Gone, Gone, Gone",2013
Imagine Dragons,Demons,2013
OneRepublic,Counting Stars,2013
Flo Rida,I Cry,2013
Of Monsters and Men,Little Talks,2013
Jason Derulo,The Other Side,2013
Eminem,Berzerk,2013
Kelly Clarkson,Catch My Breath,2013
Luke Bryan,Crash My Party,2013
Rihanna,Pour It Up,2013
Taylor Swift,22,2013
Hunter Hayes,I Want Crazy,2013
Ylvis,The Fox (What Does the Fox Say?),2013
One Direction,Best Song Ever,2013
Ed Sheeran,The A Team,2013
Fun,Carry On,2013
Tim McGraw featuring Taylor Swift and Keith Urban,Highway Don't Care,2013
Luke Bryan,That's My Kind of Night,2013
Kendrick Lamar,Swimming Pools (Drank),2013
Blake Shelton,Sure Be Cool If You Did,2013
Mariah Carey featuring Miguel,#Beautiful,2013
Olly Murs featuring Flo Rida,Troublemaker,2013
Ciara,Body Party,2013
Miguel,Adorn,2013
The Script featuring will.i.am,Hall of Fame,2013
Ne-Yo,Let Me Love You (Until You Learn to Love Yourself),2013
Rocko featuring Future and Rick Ross,U.O.E.N.O.,2013
Emeli Sandé,Next to Me,2013
Miranda Lambert,Mama's Broken Heart,2013
Thomas Rhett,It Goes Like This,2013
Ace Hood featuring Future and Rick Ross,Bugatti,2013
Hunter Hayes,Wanted,2013
Lady Antebellum,Downtown,2013
Florida Georgia Line,Get Your Shine On,2013
will.i.am featuring Justin Bieber,#thatPower,2013
Sara Bareilles,Brave,2013
Passenger,Let Her Go,2013
Randy Houser,Runnin' Outta Moonlight,2013
2 Chainz,I'm Different,2013
Paramore,Still Into You,2013
Pharrell Williams,Happy,2014
Katy Perry featuring Juicy J,Dark Horse,2014
John Legend,All of Me,2014
Iggy Azalea featuring Charli XCX,Fancy,2014
OneRepublic,Counting Stars,2014
Jason Derulo featuring 2 Chainz,Talk Dirty,2014
Magic!,Rude,2014
Meghan Trainor,All About That Bass,2014
Ariana Grande featuring Iggy Azalea,Problem,2014
Sam Smith,Stay with Me,2014
Pitbull featuring Kesha,Timber,2014
Bastille,Pompeii,2014
Taylor Swift,Shake It Off,2014
Nico & Vinz,Am I Wrong,2014
DJ Snake and Lil Jon,Turn Down for What,2014
Eminem featuring Rihanna,The Monster,2014
A Great Big World and Christina Aguilera,Say Something,2014
Lorde,Team,2014
Passenger,Let Her Go,2014
Lorde,Royals,2014
Idina Menzel,Let It Go,2014
Avicii,Wake Me Up,2014
Imagine Dragons,Demons,2014
One Direction,Story of My Life,2014
Sia,Chandelier,2014
Iggy Azalea featuring Rita Ora,Black Widow,2014
"Jessie J, Ariana Grande and Nicki Minaj",Bang Bang,2014
Disclosure featuring Sam Smith,Latch,2014
Maroon 5,Maps,2014
Chris Brown featuring Lil Wayne and French Montana or Too Short or Tyga,Loyal,2014
American Authors,Best Day of My Life,2014
Tove Lo,Habits (Stay High),2014
Calvin Harris,Summer,2014
Charli XCX,Boom Clap,2014
Beyoncé featuring Jay-Z,Drunk in Love,2014
Nicki Minaj,Anaconda,2014
Ariana Grande featuring Zedd,Break Free,2014
Enrique Iglesias featuring Descemer Bueno and Gente de Zona,Bailando,2014
Ellie Goulding,Burn,2014
Jason Derulo featuring Snoop Dogg,Wiggle,2014
Clean Bandit featuring Jess Glynne,Rather Be,2014
Jeremih featuring YG,Don't Tell 'Em,2014
Kid Ink featuring Chris Brown,Show Me,2014
Miley Cyrus,Wrecking Ball,2014
Justin Timberlake,Not a Bad Thing,2014
Katy Perry,Roar,2014
Paramore,Ain't It Fun,2014
Aloe Blacc,The Man,2014
Florida Georgia Line featuring Luke Bryan,This Is How We Roll,2014
MKTO,Classic,2014
Coldplay,A Sky Full of Stars,2014
Ed Sheeran,Don't,2014
Trey Songz,Na Na,2014
Bobby Shmurda,Hot Boy,2014
Drake featuring Majid Jordan,"Hold On, We're Going Home",2014
Ed Sheeran,Sing,2014
Imagine Dragons,Radioactive,2014
YG featuring Jeezy and Rich Homie Quan,My Hitta,2014
Echosmith,Cool Kids,2014
Avicii,Hey Brother,2014
Jason Derulo,Trumpets,2014
Maroon 5,Animals,2014
Jason Aldean,Burnin' It Down,2014
Luke Bryan,Play It Again,2014
Tinashe featuring ScHoolboy Q,2 On,2014
Florida Georgia Line,Dirt,2014
OneRepublic,Love Runs Out,2014
Brantley Gilbert,Bottoms Up,2014
Becky G,Shower,2014
Rixton,Me and My Broken Heart,2014
Martin Garrix,Animals,2014
Rich Gang featuring Young Thug and Rich Homie Quan,Lifestyle,2014
Kenny Chesney,American Kids,2014
Sara Bareilles,Brave,2014
The Neighbourhood,Sweater Weather,2014
Sam Hunt,Leave the Night On,2014
Chris Brown featuring Usher and Rick Ross,New Flame,2014
Michael Jackson and Justin Timberlake,Love Never Felt So Good,2014
Dierks Bentley,Drunk on a Plane,2014
Katy Perry,Birthday,2014
Lady Antebellum,Bartender,2014
Naughty Boy featuring Sam Smith,La La La,2014
Robin Thicke featuring T.I. and Pharrell Williams,Blurred Lines,2014
Lady Gaga featuring R. Kelly,Do What U Want,2014
Shakira featuring Rihanna,Can't Remember to Forget You,2014
5 Seconds of Summer,Amnesia,2014
T.I. featuring Iggy Azalea,No Mediocre,2014
KONGOS,Come with Me Now,2014
Lil Wayne featuring Drake,Believe Me,2014
"Mike WiLL Made-It featuring Miley Cyrus, Wiz Khalifa, and Juicy J",23,2014
Jake Owen,Beachin',2014
Macklemore & Ryan Lewis featuring ScHoolboy Q and Hollis,White Walls,2014
5 Seconds of Summer,She Looks So Perfect,2014
Zedd featuring Hayley Williams,Stay the Night,2014
Beyoncé,Partition,2014
ScHoolboy Q featuring BJ the Chicago Kid,Studio,2014
Drake,0 to 100 / The Catch Up,2014
Lee Brice,I Don't Dance,2014
Miranda Lambert and Carrie Underwood,Somethin' Bad,2014
Miley Cyrus,Adore You,2014
